wbps_gene_id,brmalaprjna10729_gene,brmalaprjna10729_gene_name,brmalaprjna10729_homolog_ensembl_peptide,brmalaprjna10729_homolog_perc_id,cluster
ENSG00000121481,WBGene00230274,Bm10013,Bm10013.2,34.5238,Ligase
ENSG00000154265,WBGene00230295,Bm10034,Bm10034.1,3.10597,ATPase
ENSG00000135596,WBGene00230321,Bm10060,Bm10060a.1,31.3076,Nucleotide-binding
ENSG00000137948,WBGene00230380,Bm10119,Bm10119c.1,12.408,Histone Acetyltransferase
ENSG00000184216,WBGene00230382,Bm10121,Bm10121.1,6.17978,Kinase
ENSG00000102096,WBGene00230390,Bm10129,Bm10129.1,46.6238,Kinase
ENSG00000105219,WBGene00230536,Bm10275,Bm10275.1,17.5896,Cyclin
ENSG00000165272,WBGene00230624,Bm10363,Bm10363a.1,35.6164,Channel
ENSG00000142453,WBGene00230655,Bm10394,Bm10394a.1,41.6118,Transferase
ENSG00000068903,WBGene00230714,Bm10453,Bm10453.1,42.1594,Deacetylase
ENSG00000172939,WBGene00230716,Bm10455,Bm10455.1,25.6167,Kinase
ENSG00000107614,WBGene00230724,Bm10463,Bm10463.1,32.7366,Methyltransferase
ENSG00000105835,WBGene00230745,Bm10484,Bm10484.1,53.7678,Transferase
ENSG00000115760,WBGene00221312,Bm1051,Bm1051a.1,22.4418,NA
ENSG00000162526,WBGene00230843,Bm10582,Bm10582.1,37.6866,Kinase
ENSG00000159231,WBGene00230947,Bm10686,Bm10686b.1,36.8231,Dehydrogenase
ENSG00000143801,WBGene00230979,Bm10718,Bm10718.2,7.58929,Proteinase
ENSG00000115616,WBGene00221335,Bm1074,Bm1074.1,29.3103,Transporter
ENSG00000181804,WBGene00231078,Bm10817,Bm10817.1,14.5736,Transporter
ENSG00000124570,WBGene00231117,Bm10856,Bm10856b.1,23.038,Protease Inhibitor
ENSG00000167524,WBGene00231131,Bm10870,Bm10870.1,25.6098,Kinase
ENSG00000105507,WBGene00231155,Bm10894,Bm10894.2,21.9653,Calcium-binding
ENSG00000100360,WBGene00231212,Bm10951,Bm10951.1,22.043,GTPase
ENSG00000085563,WBGene00231570,Bm11309,Bm11309.1,36.4062,ATP-dependent Transporter
ENSG00000232125,WBGene00231627,Bm11366,Bm11366b.1,13.4948,Structural
ENSG00000185324,WBGene00231681,Bm11420,Bm11420.1,50.8333,Kinase
ENSG00000170542,WBGene00221412,Bm1151,Bm1151a.1,22.0745,Protease Inhibitor
ENSG00000161594,WBGene00231772,Bm11511,Bm11511.1,23.8487,Actin-binding
ENSG00000258947,WBGene00231870,Bm11609,Bm11609.1,34.8889,Beta-tubulin
ENSG00000147099,WBGene00231873,Bm11612,Bm11612.1,12.7321,Histone Deacetylase
ENSG00000163393,WBGene00231974,Bm11713,Bm11713.1,20.841,Transporter
ENSG00000119729,WBGene00232979,Bm12718,Bm12718.1,36.5854,GTPase
ENSG00000136943,WBGene00233058,Bm12797,Bm12797a.1,25.1497,Cathepsin
ENSG00000136943,WBGene00233059,Bm12798,Bm12798b.1,29.6407,Cathepsin
ENSG00000135047,WBGene00233060,Bm12799,Bm12799.1,26.7267,Cathepsin
ENSG00000135047,WBGene00233064,Bm12803,Bm12803.1,41.4414,Cathepsin
ENSG00000163554,WBGene00233096,Bm12835,Bm12835.1,12.5258,Actin-binding
ENSG00000225830,WBGene00233111,Bm12850,Bm12850.1,5.02344,DNA-binding
ENSG00000225830,WBGene00233111,Bm12850,Bm12850.1,5.02344,DNA-binding
ENSG00000135913,WBGene00233153,Bm12892,Bm12892a.1,18.1818,Hydrolase
ENSG00000225830,WBGene00233183,Bm12922,Bm12922a.1,29.4039,DNA-binding
ENSG00000225830,WBGene00233183,Bm12922,Bm12922a.1,29.4039,DNA-binding
ENSG00000246705,WBGene00233212,Bm12951,Bm12951.1,50.3876,Histone
ENSG00000109163,WBGene00233668,Bm13407,Bm13407.1,20.4268,GPCR
ENSG00000096384,WBGene00233914,Bm13653,Bm13653.1,76.3812,Chaperone
ENSG00000175582,WBGene00233921,Bm13660,Bm13660.1,78.3654,GTPase
ENSG00000044574,WBGene00233922,Bm13661,Bm13661.1,78.7462,Chaperone
ENSG00000172071,WBGene00233972,Bm13711,Bm13711a.1,10.4839,Kinase
ENSG00000101452,WBGene00234045,Bm13784,Bm13784.1,51.9203,RNA Helicase
ENSG00000062822,WBGene00234057,Bm13796,Bm13796.1,45.5428,DNA Polymerase
ENSG00000176393,WBGene00234063,Bm13802,Bm13802.1,20.3077,Proteinase
ENSG00000130348,WBGene00234082,Bm13821,Bm13821a.1,38.2576,Hydrolase
ENSG00000116478,WBGene00234094,Bm13833,Bm13833b.1,60.3734,Histone Deacetylase
ENSG00000151093,WBGene00234106,Bm13845,Bm13845a.1,37.9085,Synthase
ENSG00000161513,WBGene00234178,Bm13917,Bm13917.1,29.4007,Reductase
ENSG00000127412,WBGene00234359,Bm14098,Bm14098.1,8.5048,TRP Channel
ENSG00000108684,WBGene00234520,Bm14259,Bm14259.1,6.92718,Channel
ENSG00000121988,WBGene00234950,Bm14765,Bm14765.1,12.5116,DNA-binding
ENSG00000157379,WBGene00235131,Bm14824,Bm14824a.1,45.0479,Dehydrogenase
ENSG00000174080,WBGene00221836,Bm1575,Bm1575.1,34.2975,Cathepsin
ENSG00000001561,WBGene00221854,Bm1593,Bm1593.1,26.4901,Nucleotide-binding
ENSG00000091583,WBGene00221860,Bm1599,Bm1599.1,20.2899,NA
ENSG00000065485,WBGene00255533,Bm16931,Bm16931.1,39.499,Isomerase
ENSG00000188130,WBGene00255727,Bm17069,Bm17069a.1,22.8883,Kinase
ENSG00000077279,WBGene00220433,Bm172,Bm172a.1,6.01093,Structural
ENSG00000138029,WBGene00222006,Bm1745,Bm1745a.1,56.962,Transferase
ENSG00000178093,WBGene00268659,Bm17516,Bm17516.1,16.1172,Kinase
ENSG00000135446,WBGene00268662,Bm17519,Bm17519.1,26.7327,Kinase
ENSG00000109971,WBGene00268665,Bm17522,Bm17522.1,1.23839,Chaperone
ENSG00000147400,WBGene00268712,Bm17569,Bm17569.1,35.4651,Calcium-binding
ENSG00000253148,WBGene00268808,Bm17666,Bm17666.1,36.8421,GTPase
ENSG00000156873,WBGene00268976,Bm17834,Bm17834.1,14.7783,Kinase
ENSG00000115241,WBGene00269133,Bm17991,Bm17991.1,14.652,Phosphatase
ENSG00000124570,WBGene00269191,Bm18051,Bm18051.1,28.8608,Protease Inhibitor
ENSG00000170542,WBGene00269192,Bm18052,Bm18052.1,30.3191,Protease Inhibitor
ENSG00000130948,WBGene00269250,Bm18110,Bm18110a.1,27.7419,Dehydrogenase
ENSG00000184979,WBGene00269267,Bm18127,Bm18127.1,18.0108,Hydrolase
ENSG00000225830,WBGene00269322,Bm18182,Bm18182.1,4.95646,DNA-binding
ENSG00000225830,WBGene00269322,Bm18182,Bm18182.1,4.95646,DNA-binding
ENSG00000156711,WBGene00269327,Bm18187,Bm18187.1,23.0137,Kinase
ENSG00000170242,WBGene00269348,Bm18201,Bm18201.1,24,Hydrolase
ENSG00000171174,WBGene00269350,Bm18203,Bm18203.2,32.9193,Kinase
ENSG00000134115,WBGene00269356,Bm18207,Bm18207.1,6.32296,Cell-Cell Adhesion
ENSG00000151229,WBGene00303178,Bm18563,Bm18563b.1,25.7716,Transporter
ENSG00000127249,WBGene00303386,Bm18572,Bm18572.1,34.2809,ATPase
ENSG00000001561,WBGene00222128,Bm1867,Bm1867a.1,26.0486,Nucleotide-binding
ENSG00000165272,WBGene00222146,Bm1885,Bm1885.1,36.6438,Channel
ENSG00000134070,WBGene00222160,Bm1899,Bm1899.1,8.32,Kinase
ENSG00000168306,WBGene00222174,Bm1913,Bm1913.1,8.37004,Dehydrogenase
ENSG00000170542,WBGene00222199,Bm1938,Bm1938.1,30.3191,Protease Inhibitor
ENSG00000166484,WBGene00222218,Bm1957,Bm1957.1,20.098,Kinase
ENSG00000124570,WBGene00222249,Bm1988,Bm1988a.1,28.8608,Protease Inhibitor
ENSG00000171763,WBGene00222255,Bm1994,Bm1994.1,30.6773,ATPase
ENSG00000130948,WBGene00222265,Bm2004,Bm2004.1,32.2581,Dehydrogenase
ENSG00000197208,WBGene00222295,Bm2034,Bm2034c.1,21.0526,Transporter
ENSG00000169750,WBGene00222376,Bm2115,Bm2115a.1,84.375,GTPase
ENSG00000174327,WBGene00222395,Bm2134,Bm2134b.1,28.169,Transporter
ENSG00000135437,WBGene00222396,Bm2135,Bm2135.1,35.5346,Dehydrogenase
ENSG00000233276,WBGene00222412,Bm2151,Bm2151a.1,36.9458,Peroxidase
ENSG00000213199,WBGene00222413,Bm2152,Bm2152.1,14.7541,Channel
ENSG00000105507,WBGene00222432,Bm2171,Bm2171a.1,35.8382,Calcium-binding
ENSG00000185615,WBGene00222458,Bm2197,Bm2197.1,27.619,Chaperone
ENSG00000115361,WBGene00222521,Bm2260,Bm2260a.1,25.5814,Dehydrogenase
ENSG00000119471,WBGene00222538,Bm2277,Bm2277.1,46.1722,Dehydrogenase
ENSG00000100439,WBGene00222621,Bm2360,Bm2360b.1,42.9825,Hydrolase
ENSG00000162692,WBGene00222637,Bm2376,Bm2376a.1,11.6373,NA
ENSG00000139718,WBGene00222668,Bm2407,Bm2407.1,4.73042,Histone Methyltransferase
ENSG00000001561,WBGene00222680,Bm2419,Bm2419.1,27.1523,Nucleotide-binding
ENSG00000152705,WBGene00222695,Bm2434,Bm2434.1,19.8492,Channel
ENSG00000135047,WBGene00222766,Bm2505,Bm2505.1,22.5225,Cathepsin
ENSG00000168394,WBGene00222855,Bm2594,Bm2594.1,17.5743,Transporter
ENSG00000197140,WBGene00222858,Bm2597,Bm2597.1,9.65693,Protease
ENSG00000181555,WBGene00222977,Bm2716,Bm2716.1,11.1154,Lysine Methyltransferase
ENSG00000173273,WBGene00222993,Bm2732,Bm2732.1,42.954,Nucleotide-binding
ENSG00000243910,WBGene00223009,Bm2748,Bm2748.1,70.9544,Structural
ENSG00000152766,WBGene00223035,Bm2774,Bm2774a.1,19.8953,Ankyrin-containing Protein
ENSG00000154262,WBGene00223089,Bm2828,Bm2828.2,22.2635,ATPase
ENSG00000188486,WBGene00223138,Bm2877,Bm2877.1,75.5245,Histone
ENSG00000183828,WBGene00223140,Bm2879,Bm2879.1,30.6306,Phosphatase
ENSG00000115616,WBGene00223196,Bm2935,Bm2935a.1,27.8325,Transporter
ENSG00000138075,WBGene00223239,Bm2978,Bm2978a.1,19.5084,Transporter
ENSG00000147050,WBGene00223297,Bm3036,Bm3036.1,30.1213,Histone Demethylase
ENSG00000147400,WBGene00223352,Bm3091,Bm3091.1,29.6512,Calcium-binding
ENSG00000166949,WBGene00223401,Bm3140,Bm3140.1,60.2353,DNA-binding
ENSG00000170236,WBGene00223424,Bm3163,Bm3163a.1,23.0539,Hydrolase
ENSG00000242247,WBGene00223433,Bm3172,Bm3172a.2,34.8837,GTPase Activator
ENSG00000163393,WBGene00223626,Bm3365,Bm3365.1,19.0128,Transporter
ENSG00000116218,WBGene00223628,Bm3367,Bm3367.1,33.4204,Structural
ENSG00000126895,WBGene00223633,Bm3372,Bm3372.1,19.407,GPCR
ENSG00000129159,WBGene00223636,Bm3375,Bm3375.1,31.7949,Voltage-Gated Potassium Channel
ENSG00000104375,WBGene00223639,Bm3378,Bm3378b.1,46.8208,Kinase
ENSG00000158402,WBGene00223667,Bm3406,Bm3406.1,14.5877,Phosphatase
ENSG00000170542,WBGene00223728,Bm3467,Bm3467a.1,30.3191,Protease Inhibitor
ENSG00000184060,WBGene00223809,Bm3548,Bm3548.1,10.8527,GTPase Activator
ENSG00000142910,WBGene00223879,Bm3618,Bm3618.1,41.7559,NA
ENSG00000119969,WBGene00223894,Bm3633,Bm3633b.1,24.8869,DNA-binding
ENSG00000187682,WBGene00224006,Bm3745,Bm3745a.1,23.176,GTPase
ENSG00000137198,WBGene00224020,Bm3759,Bm3759.1,64.9275,Reductase
ENSG00000169710,WBGene00224039,Bm3778,Bm3778a.1,43.4887,Fatty Acid Synthetase
ENSG00000162009,WBGene00224130,Bm3869,Bm3869b.1,15.6593,GPCR
ENSG00000101665,WBGene00224160,Bm3899,Bm3899a.1,15.0235,DNA-binding
ENSG00000124422,WBGene00224174,Bm3913,Bm3913a.1,45.1429,Hydrolase
ENSG00000139549,WBGene00224181,Bm3920,Bm3920.1,7.57576,Calcium-binding
ENSG00000135047,WBGene00224257,Bm3996,Bm3996.1,35.1351,Cathepsin
ENSG00000169717,WBGene00224286,Bm4025,Bm4025.1,23.0769,Actin-binding
ENSG00000065559,WBGene00224300,Bm4039,Bm4039a.1,41.2195,Kinase
ENSG00000055332,WBGene00224397,Bm4136,Bm4136a.1,17.4229,Kinase
ENSG00000106638,WBGene00224401,Bm4140,Bm4140.1,34.0045,NA
ENSG00000131914,WBGene00224416,Bm4155,Bm4155.1,16.2679,NA
ENSG00000183943,WBGene00224445,Bm4184,Bm4184.1,43.2961,Kinase
ENSG00000177453,WBGene00224477,Bm4216,Bm4216.1,39.2202,Kinase
ENSG00000089876,WBGene00224504,Bm4243,Bm4243.1,23.5532,RNA Helicase
ENSG00000006530,WBGene00224508,Bm4247,Bm4247.1,17.5355,Kinase
ENSG00000139549,WBGene00224525,Bm4264,Bm4264.1,8.33333,Calcium-binding
ENSG00000185236,WBGene00224582,Bm4321,Bm4321.1,82.1101,GTPase
ENSG00000185551,WBGene00224690,Bm4429,Bm4429.1,52.657,Nuclear Receptor
ENSG00000131791,WBGene00224695,Bm4434,Bm4434a.1,40.4412,Kinase
ENSG00000177119,WBGene00224711,Bm4450,Bm4450a.1,35.4458,Calcium-Activated Chloride Channel
ENSG00000140279,WBGene00224727,Bm4466,Bm4466.1,28.553,NA
ENSG00000278570,WBGene00224746,Bm4485,Bm4485b.1,43.4146,Nuclear Receptor
ENSG00000135776,WBGene00224767,Bm4506,Bm4506.1,26.6938,Transporter
ENSG00000001626,WBGene00224789,Bm4528,Bm4528a.1,24.0541,Transporter
ENSG00000187555,WBGene00224920,Bm4659,Bm4659a.1,37.8403,Hydrolase
ENSG00000137673,WBGene00224951,Bm4690,Bm4690a.1,30.3371,Matrix Metalloproteinase
ENSG00000101199,WBGene00225014,Bm4753,Bm4753a.1,35.2657,GTPase Activator
ENSG00000184979,WBGene00225015,Bm4754,Bm4754.1,14.7849,Hydrolase
ENSG00000285641,WBGene00225022,Bm4761,Bm4761a.1,41.8719,NA
ENSG00000196363,WBGene00225081,Bm4820,Bm4820a.1,75.4491,NA
ENSG00000158402,WBGene00225100,Bm4839,Bm4839b.1,15.4334,Phosphatase
ENSG00000076984,WBGene00225156,Bm4895,Bm4895a.1,41.8391,Kinase
ENSG00000114779,WBGene00225166,Bm4905,Bm4905a.1,12.8571,Hydrolase
ENSG00000117394,WBGene00225199,Bm4938,Bm4938.1,15.8537,Transporter
ENSG00000146477,WBGene00225219,Bm4958,Bm4958a.1,23.2014,Transporter
ENSG00000111640,WBGene00225232,Bm4971,Bm4971c.1,74.6269,Dehydrogenase
ENSG00000139921,WBGene00225271,Bm5010,Bm5010b.1,13.9286,Isomerase
ENSG00000138778,WBGene00225308,Bm5047,Bm5047.2,8.07108,Kinesin
ENSG00000151229,WBGene00225314,Bm5053,Bm5053.1,34.8765,Transporter
ENSG00000174327,WBGene00225338,Bm5077,Bm5077.1,24.4131,Transporter
ENSG00000163104,WBGene00225343,Bm5082,Bm5082a.1,27.9183,DNA-binding
ENSG00000075624,WBGene00225347,Bm5086,Bm5086.1,96.8,Actin
ENSG00000139921,WBGene00225476,Bm5215,Bm5215.1,11.4286,Isomerase
ENSG00000106077,WBGene00225480,Bm5219,Bm5219.1,31.746,Hydrolase
ENSG00000157326,WBGene00225482,Bm5221,Bm5221a.1,28.4173,Dehydrogenase
ENSG00000138670,WBGene00225495,Bm5234,Bm5234b.1,30.6554,Guanine Nucleotide Exchange Factor
ENSG00000116157,WBGene00225498,Bm5237,Bm5237b.1,32.0856,Peroxidase
ENSG00000103510,WBGene00225527,Bm5266,Bm5266b.1,41.1135,Histone Acetyltransferase
ENSG00000160867,WBGene00225575,Bm5314,Bm5314b.1,17.581,Receptor Tyrosine Kinase
ENSG00000182333,WBGene00225617,Bm5356,Bm5356.1,33.8235,Lipase
ENSG00000140992,WBGene00225643,Bm5382,Bm5382.1,23.0216,Kinase
ENSG00000165097,WBGene00225646,Bm5385,Bm5385a.1,41.5254,Histone Demethylase
ENSG00000120156,WBGene00225692,Bm5431,Bm5431a.1,14.7687,Receptor Tyrosine Kinase
ENSG00000197901,WBGene00225721,Bm5460,Bm5460a.1,17.4067,Transporter
ENSG00000164303,WBGene00225782,Bm5521,Bm5521.1,23.8636,Nucleotide-binding
ENSG00000108602,WBGene00225860,Bm5599,Bm5599.2,44.5916,Dehydrogenase
ENSG00000175054,WBGene00225879,Bm5618,Bm5618.1,18.0787,Kinase
ENSG00000187688,WBGene00225952,Bm5691,Bm5691b.1,22.1204,TRP Channel
ENSG00000129007,WBGene00225954,Bm5693,Bm5693.1,25.5102,Calcium-binding
ENSG00000111640,WBGene00225960,Bm5699,Bm5699.1,74.6269,Dehydrogenase
ENSG00000166825,WBGene00226013,Bm5752,Bm5752b.1,23.9917,Aminopeptidase
ENSG00000067141,WBGene00226094,Bm5833,Bm5833.1,26.1465,Cell-Cell Adhesion
ENSG00000137673,WBGene00226152,Bm5891,Bm5891.1,20.2247,Matrix Metalloproteinase
ENSG00000163393,WBGene00220320,Bm59,Bm59.1,19.9269,Transporter
ENSG00000149428,WBGene00226253,Bm5992,Bm5992.1,31.8318,Chaperone
ENSG00000109016,WBGene00226276,Bm6015,Bm6015.1,33.8462,Dehydrogenase
ENSG00000256394,WBGene00226332,Bm6071,Bm6071.1,17.0297,Channel
ENSG00000213199,WBGene00226336,Bm6075,Bm6075b.1,17.122,Channel
ENSG00000145284,WBGene00226351,Bm6090,Bm6090.1,45.1515,Desaturase
ENSG00000178093,WBGene00226390,Bm6129,Bm6129b.1,36.63,Kinase
ENSG00000068078,WBGene00226412,Bm6151,Bm6151a.1,12.8713,Receptor Tyrosine Kinase
ENSG00000158006,WBGene00226433,Bm6172,Bm6172a.1,31.6327,Hydrolase
ENSG00000184381,WBGene00226482,Bm6221,Bm6221a.1,25.4342,Phospholipase
ENSG00000127249,WBGene00226495,Bm6234,Bm6234.1,34.3645,ATPase
ENSG00000105287,WBGene00226510,Bm6249,Bm6249.1,35.6492,Kinase
ENSG00000198825,WBGene00226512,Bm6251,Bm6251.1,20.1413,Phosphatase
ENSG00000072818,WBGene00226515,Bm6254,Bm6254a.1,9.18919,Ankyrin-containing Protein
ENSG00000268643,WBGene00226573,Bm6312,Bm6312.1,72.4551,NA
ENSG00000107263,WBGene00226622,Bm6361,Bm6361a.1,23.105,Guanine Nucleotide Exchange Factor
ENSG00000004487,WBGene00226761,Bm6500,Bm6500a.1,7.6484,Histone Demethylase
ENSG00000163817,WBGene00226795,Bm6534,Bm6534.1,40.8784,Sodium-dependent Transporter
ENSG00000152455,WBGene00226798,Bm6537,Bm6537a.1,23.6585,Histone Methyltransferase
ENSG00000157326,WBGene00226886,Bm6625,Bm6625.1,26.259,Dehydrogenase
ENSG00000156873,WBGene00226969,Bm6708,Bm6708.1,39.4089,Kinase
ENSG00000163393,WBGene00226979,Bm6718,Bm6718.1,19.5612,Transporter
ENSG00000271810,WBGene00226988,Bm6727,Bm6727.1,38.3764,NA
ENSG00000168256,WBGene00226999,Bm6738,Bm6738a.1,23.0366,GTPase
ENSG00000127564,WBGene00227008,Bm6747,Bm6747b.1,25.6513,Kinase
ENSG00000165591,WBGene00227020,Bm6759,Bm6759.1,36.2782,Hydrolase
ENSG00000124003,WBGene00227034,Bm6773,Bm6773.1,32.8358,Acyltransferase
ENSG00000101246,WBGene00227062,Bm6801,Bm6801b.1,43.7811,ADP-ribosylation Factor
ENSG00000184144,WBGene00227085,Bm6824,Bm6824b.1,16.6346,Cell-Cell Adhesion
ENSG00000110881,WBGene00227179,Bm6918,Bm6918.1,11.8467,Channel
ENSG00000174327,WBGene00227193,Bm6932,Bm6932.1,15.493,Transporter
ENSG00000117394,WBGene00227206,Bm6945,Bm6945.1,21.5447,Transporter
ENSG00000136943,WBGene00227231,Bm6970,Bm6970.1,19.1617,Cathepsin
ENSG00000172901,WBGene00227266,Bm7005,Bm7005.1,19.2929,Aminopeptidase
ENSG00000143799,WBGene00227298,Bm7037,Bm7037a.1,36.3905,Transferase
ENSG00000166851,WBGene00227307,Bm7046,Bm7046.1,55.8872,Kinase
ENSG00000241973,WBGene00227402,Bm7141,Bm7141.1,32.1598,Kinase
ENSG00000132259,WBGene00227409,Bm7148,Bm7148.1,25.5652,Cyclic-Nucleotide Gated Channel
ENSG00000149452,WBGene00227428,Bm7167,Bm7167.1,27.8598,Transporter
ENSG00000198742,WBGene00227444,Bm7183,Bm7183.1,33.4214,Ubiquitin-ligase
ENSG00000125533,WBGene00227489,Bm7228,Bm7228a.1,20.332,DNA-binding
ENSG00000205544,WBGene00227526,Bm7265,Bm7265.1,25.6637,Receptor
ENSG00000170236,WBGene00227527,Bm7266,Bm7266.1,18.8623,Hydrolase
ENSG00000058091,WBGene00227613,Bm7352,Bm7352.1,42.0043,Kinase
ENSG00000187714,WBGene00227647,Bm7386,Bm7386.1,43.985,Transporter
ENSG00000163497,WBGene00220335,Bm74,Bm74.1,26.0504,DNA-binding
ENSG00000204021,WBGene00227676,Bm7415,Bm7415a.1,35.8396,Lipase
ENSG00000136943,WBGene00221009,Bm748,Bm748.1,26.9461,Cathepsin
ENSG00000178093,WBGene00227751,Bm7490,Bm7490b.1,32.6007,Kinase
ENSG00000185615,WBGene00227863,Bm7602,Bm7602.1,14.0952,Chaperone
ENSG00000188486,WBGene00227911,Bm7650,Bm7650.1,76.9231,Histone
ENSG00000198189,WBGene00227987,Bm7726,Bm7726.1,24.6667,Dehydrogenase
ENSG00000140943,WBGene00228121,Bm7860,Bm7860.1,40.9696,Proteinase
ENSG00000153827,WBGene00228162,Bm7901,Bm7901.1,27.5,Ubiquitin-ligase
ENSG00000146414,WBGene00228265,Bm8004,Bm8004.1,16.2805,DNA-binding
ENSG00000138030,WBGene00228324,Bm8063,Bm8063.1,35.5705,Kinase
ENSG00000171551,WBGene00228352,Bm8091,Bm8091.1,24.3871,Protease
ENSG00000198742,WBGene00228380,Bm8119,Bm8119.1,15.4557,Ubiquitin-ligase
ENSG00000151693,WBGene00228415,Bm8154,Bm8154.1,22.7634,Ankyrin-containing Protein
ENSG00000136943,WBGene00228433,Bm8172,Bm8172b.1,28.7425,Cathepsin
ENSG00000136943,WBGene00228468,Bm8207,Bm8207.1,23.9521,Cathepsin
ENSG00000188176,WBGene00228525,Bm8264,Bm8264.1,13.0152,Structural
ENSG00000145476,WBGene00228526,Bm8265,Bm8265.1,28,Oxygenase
ENSG00000187688,WBGene00228555,Bm8294,Bm8294.1,13.3508,TRP Channel
ENSG00000104833,WBGene00228567,Bm8306,Bm8306.1,41.6667,Beta-tubulin
ENSG00000136603,WBGene00228657,Bm8396,Bm8396.1,14.6199,Nucleotide-binding
ENSG00000198959,WBGene00228666,Bm8405,Bm8405.1,20.6696,Glutamyltransferase
ENSG00000170542,WBGene00228707,Bm8446,Bm8446.1,31.117,Protease Inhibitor
ENSG00000075624,WBGene00228785,Bm8524,Bm8524.1,96.8,Actin
ENSG00000170542,WBGene00228871,Bm8610,Bm8610.1,30.3191,Protease Inhibitor
ENSG00000170542,WBGene00228872,Bm8611,Bm8611.1,28.4574,Protease Inhibitor
ENSG00000170542,WBGene00228875,Bm8614,Bm8614.1,26.5957,Protease Inhibitor
ENSG00000162526,WBGene00228892,Bm8631,Bm8631.1,26.1194,Kinase
ENSG00000171126,WBGene00228905,Bm8644,Bm8644a.1,28.4404,Voltage-Gated Potassium Channel
ENSG00000168374,WBGene00228937,Bm8676,Bm8676.1,29.4444,ADP-ribosylation Factor
ENSG00000115661,WBGene00228939,Bm8678,Bm8678.1,33.4426,Kinase
ENSG00000163673,WBGene00228964,Bm8703,Bm8703a.1,11.5741,Kinase
ENSG00000078061,WBGene00229041,Bm8780,Bm8780.1,10.509,Kinase
ENSG00000258947,WBGene00229106,Bm8845,Bm8845a.1,38.6667,Beta-tubulin
ENSG00000185624,WBGene00229195,Bm8934,Bm8934.1,21.4567,Chaperone
ENSG00000185624,WBGene00229195,Bm8934,Bm8934.1,21.4567,Transferase
ENSG00000104365,WBGene00229326,Bm9065,Bm9065.1,15.3439,Kinase
ENSG00000145284,WBGene00229376,Bm9115,Bm9115.1,45.1515,Desaturase
ENSG00000075624,WBGene00229498,Bm9237,Bm9237.1,96.8,Actin
ENSG00000075624,WBGene00229499,Bm9238,Bm9238.1,97.0667,Actin
ENSG00000137673,WBGene00229513,Bm9252,Bm9252.1,22.0974,Matrix Metalloproteinase
ENSG00000137802,WBGene00229526,Bm9265,Bm9265.1,20.0132,Transferase
ENSG00000170236,WBGene00229555,Bm9294,Bm9294a.1,17.9641,Hydrolase
ENSG00000091436,WBGene00229558,Bm9297,Bm9297.1,7.625,Kinase
ENSG00000112062,WBGene00229611,Bm9350,Bm9350.1,39.7222,Kinase
ENSG00000162526,WBGene00229638,Bm9377,Bm9377a.1,38.4328,Kinase
ENSG00000131778,WBGene00229702,Bm9441,Bm9441.1,35.8974,DNA-binding
ENSG00000004487,WBGene00229708,Bm9447,Bm9447.1,15.2968,Histone Demethylase
ENSG00000001561,WBGene00229736,Bm9475,Bm9475b.1,26.2693,Nucleotide-binding
ENSG00000135047,WBGene00221212,Bm951,Bm951.1,20.7207,Cathepsin
ENSG00000151229,WBGene00229791,Bm9530,Bm9530a.1,31.0185,Transporter
ENSG00000123552,WBGene00229828,Bm9567,Bm9567.1,23.8329,Hydrolase
ENSG00000258947,WBGene00229959,Bm9698,Bm9698.1,83.1111,Beta-tubulin
ENSG00000170236,WBGene00229980,Bm9719,Bm9719a.1,16.4671,Hydrolase
ENSG00000188486,WBGene00230023,Bm9762,Bm9762.1,78.3217,Histone
ENSG00000159792,WBGene00230030,Bm9769,Bm9769.1,37.5,Kinase
ENSG00000182752,WBGene00230045,Bm9784,Bm9784.1,9.21942,Protease
ENSG00000135047,WBGene00230096,Bm9835,Bm9835.1,24.3243,Cathepsin
ENSG00000277258,WBGene00230143,Bm9882,Bm9882.1,22.093,Ligase
ENSG00000113575,WBGene00230160,Bm9899,Bm9899.1,84.466,Phosphatase
ENSG00000136943,WBGene00220360,Bm99,Bm99.1,26.0479,Cathepsin
ENSG00000143207,WBGene00230167,Bm9906,Bm9906.1,35.0205,Ligase
ENSG00000060140,WBGene00230174,Bm9913,Bm9913.1,13.981,Kinase
ENSG00000163393,WBGene00230205,Bm9944,Bm9944a.1,19.3784,Transporter
ENSG00000178093,WBGene00225726,Bma-aak-2,Bm5465a.1,32.967,Kinase
ENSG00000181929,WBGene00227548,Bma-aakg-1,Bm7287.1,50.5882,Nucleotide-binding
ENSG00000117461,WBGene00227541,Bma-aap-1,Bm7280.1,23.2104,NA
ENSG00000118777,WBGene00223238,Bma-abcx-1,Bm2977c.1,14.1985,Transporter
ENSG00000248487,WBGene00227117,Bma-abhd-14,Bm6856.1,23.9852,Hydrolase
ENSG00000097007,WBGene00225385,Bma-abl-1,Bm5124d.1,33.9426,Receptor Tyrosine Kinase
ENSG00000154265,WBGene00223580,Bma-abt-2,Bm3319.1,23.0207,ATPase
ENSG00000154265,WBGene00230296,Bma-abt-4,Bm10035.1,18.6358,ATPase
ENSG00000131269,WBGene00227389,Bma-abtm-1,Bm7128.1,45.2855,Transporter
ENSG00000072778,WBGene00223373,Bma-acdh-12,Bm3112.1,38.4956,Dehydrogenase
ENSG00000177646,WBGene00222708,Bma-acdh-13,Bm2447b.1,19.8068,Dehydrogenase
ENSG00000161533,WBGene00226275,Bma-acdh-7,Bm6014.1,9.09091,Dehydrogenase
ENSG00000042832,WBGene00227865,Bma-ace-1,Bm7604a.1,5.4552,NA
ENSG00000114200,WBGene00228788,Bma-ace-2,Bm8527.1,32.0598,Esterase
ENSG00000161533,WBGene00224862,Bma-acox-1.6,Bm4601.1,42.8788,Dehydrogenase
ENSG00000087008,WBGene00224817,Bma-acox-3,Bm4556.1,31.1429,Dehydrogenase
ENSG00000162104,WBGene00223675,Bma-acy-1,Bm3414a.1,32.816,Adenylate Cyclase
ENSG00000196839,WBGene00222284,Bma-adah-1,Bm2023.1,39.3939,Hydrolase
ENSG00000168803,WBGene00223003,Bma-adal-1.1,Bm2742.1,32.6761,Hydrolase
ENSG00000156110,WBGene00234253,Bma-adk-1,Bm13992.1,42.2652,Kinase
ENSG00000168615,WBGene00222205,Bma-adm-2,Bm1944b.1,27.7167,Protease
ENSG00000151694,WBGene00227691,Bma-adm-4,Bm7430.1,27.6699,Proteinase
ENSG00000115257,WBGene00233246,Bma-aex-5,Bm12985.1,31.7881,Protease
ENSG00000069974,WBGene00228573,Bma-aex-6,Bm8312.1,57.0136,GTPase
ENSG00000121879,WBGene00222018,Bma-age-1,Bm1757.1,34.176,Kinase
ENSG00000107862,WBGene00232354,Bma-agef-1,Bm12093a.1,13.0178,Guanine Nucleotide Exchange Factor
ENSG00000286169,WBGene00231700,Bma-ahr-1,Bm11439.1,18.0775,NA
ENSG00000087586,WBGene00228302,Bma-air-1.1,Bm8041a.1,38.2134,Kinase
ENSG00000087586,WBGene00229154,Bma-air-1.2,Bm8893.1,40.4467,Kinase
ENSG00000178999,WBGene00221969,Bma-air-2,Bm1708a.1,56.2319,Kinase
ENSG00000065675,WBGene00222422,Bma-akt-1,Bm2161c.1,26.7705,Kinase
ENSG00000143149,WBGene00224296,Bma-alh-11,Bm4035a.1,41.5058,Dehydrogenase
ENSG00000159423,WBGene00224741,Bma-alh-6,Bm4480a.1,51.5098,Dehydrogenase
ENSG00000112294,WBGene00224385,Bma-alh-7,Bm4124.1,41.7883,Dehydrogenase
ENSG00000166825,WBGene00225915,Bma-anp-1,Bm5654b.1,29.6794,Aminopeptidase
ENSG00000142230,WBGene00234191,Bma-aos-1,Bm13930a.1,34.6821,Ligase
ENSG00000138613,WBGene00226349,Bma-aph-1,Bm6088b.1,30.7393,Proteinase
ENSG00000142192,WBGene00222974,Bma-apl-1,Bm2713.1,23.8961,Amyloid-beta Precursor
ENSG00000103569,WBGene00224000,Bma-aqp-1,Bm3739.1,33.5593,Channel
ENSG00000103569,WBGene00221117,Bma-aqp-3,Bm856.1,32.5424,Channel
ENSG00000165272,WBGene00225330,Bma-aqp-7,Bm5069a.1,32.5342,Channel
ENSG00000113595,WBGene00227928,Bma-arc-1,Bm7667.1,36.7596,ADP-ribosylation Factor
ENSG00000072506,WBGene00223398,Bma-ard-1.1,Bm3137.1,49.0421,Dehydrogenase
ENSG00000072506,WBGene00223492,Bma-ard-1.2,Bm3231.1,36.7816,Dehydrogenase
ENSG00000272822,WBGene00224363,Bma-arf-1.2,Bm4102.1,60.4762,NA
ENSG00000004059,WBGene00224792,Bma-arf-3,Bm4531.1,85.5556,ADP-ribosylation Factor
ENSG00000165527,WBGene00227569,Bma-arf-6,Bm7308.1,90.2857,ADP-ribosylation Factor
ENSG00000120805,WBGene00224615,Bma-arl-1,Bm4354.2,74.5856,ADP-ribosylation Factor
ENSG00000138175,WBGene00231240,Bma-arl-3,Bm10979.1,73.6264,ADP-ribosylation Factor
ENSG00000113966,WBGene00222925,Bma-arl-6,Bm2664.1,48.9247,ADP-ribosylation Factor
ENSG00000134108,WBGene00227170,Bma-arl-8,Bm6909.1,84.4086,ADP-ribosylation Factor
ENSG00000115073,WBGene00227021,Bma-arp-1,Bm6760.1,73.9362,Actin
ENSG00000131966,WBGene00230501,Bma-arp-11,Bm10240b.1,32.3741,Actin-binding
ENSG00000075089,WBGene00222329,Bma-arp-6,Bm2068a.1,44.9495,Actin-binding
ENSG00000115091,WBGene00227297,Bma-arx-1,Bm7036.1,77.0335,Actin-binding
ENSG00000138071,WBGene00225128,Bma-arx-2,Bm4867.1,75.188,Actin-binding
ENSG00000157554,WBGene00225944,Bma-ast-1,Bm5683b.1,23.8683,DNA-binding
ENSG00000197548,WBGene00225371,Bma-atg-7,Bm5110.1,38.5491,Ligase
ENSG00000120992,WBGene00225072,Bma-ath-1,Bm4811.1,49.1304,Phospholipase
ENSG00000198604,WBGene00224922,Bma-athp-2,Bm4661.1,8.74036,Histone Acetyltransferase
ENSG00000072110,WBGene00226441,Bma-atn-1,Bm6180a.1,59.7374,Actin
ENSG00000168036,WBGene00223189,Bma-bar-1.1,Bm2928a.1,23.5595,NA
ENSG00000168036,WBGene00228359,Bma-bar-1.2,Bm8098a.1,18.822,NA
ENSG00000123636,WBGene00223903,Bma-baz-2,Bm3642a.1,15.1753,DNA-binding
ENSG00000258947,WBGene00224994,Bma-ben-1,Bm4733.2,86,Beta-tubulin
ENSG00000140564,WBGene00225067,Bma-bli-4,Bm4806b.1,36.5239,Protease
ENSG00000138160,WBGene00223799,Bma-bmk-1,Bm3538.1,25.1894,Kinesin
ENSG00000144711,WBGene00225327,Bma-bris-1,Bm5066.1,20.377,Guanine Nucleotide Exchange Factor
ENSG00000095564,WBGene00223655,Bma-btf-1,Bm3394.1,23.3099,DNA-binding
ENSG00000154975,WBGene00224628,Bma-cah-1,Bm4367.1,32.3171,Anhydrase
ENSG00000154975,WBGene00223268,Bma-cah-2,Bm3007a.1,34.756100000000004,Anhydrase
ENSG00000133742,WBGene00225092,Bma-cah-3,Bm4831a.1,32.5671,Anhydrase
ENSG00000133742,WBGene00225425,Bma-cah-4.2,Bm5164.1,28.3525,Anhydrase
ENSG00000133742,WBGene00225705,Bma-cah-5,Bm5444.1,29.8851,Anhydrase
ENSG00000133742,WBGene00226333,Bma-cah-6,Bm6072.1,28.3525,Anhydrase
ENSG00000169885,WBGene00268704,Bma-cal-2,Bm17561.1,34.2541,Calcium-binding
ENSG00000147400,WBGene00225920,Bma-cal-4,Bm5659a.1,34.8837,Calcium-binding
ENSG00000105507,WBGene00222607,Bma-cal-5,Bm2346a.1,30.6358,Calcium-binding
ENSG00000198400,WBGene00222149,Bma-cam-1,Bm1888a.1,23.3668,Receptor Tyrosine Kinase
ENSG00000036565,WBGene00225236,Bma-cat-1,Bm4975.1,42.2857,Transporter
ENSG00000180176,WBGene00225191,Bma-cat-2,Bm4930.1,37.1212,Oxygenase
ENSG00000018625,WBGene00229131,Bma-catp-1,Bm8870.1,26.8627,ATP-dependent Ca2+ Transporter
ENSG00000018625,WBGene00230703,Bma-catp-4,Bm10442.1,54.3137,ATP-dependent Ca2+ Transporter
ENSG00000105726,WBGene00233941,Bma-catp-8,Bm13680.1,48.9203,NA
ENSG00000147400,WBGene00224976,Bma-cbn-1,Bm4715a.1,25.5814,Calcium-binding
ENSG00000100346,WBGene00223190,Bma-cca-1,Bm2929a.1,35.8525,Voltage-Gated Calcium Channel
ENSG00000070831,WBGene00225547,Bma-cdc-42,Bm5286a.1,89.5288,GTPase
ENSG00000145375,WBGene00225071,Bma-cdc-48.3,Bm4810a.1,24.3001,ATPase
ENSG00000097046,WBGene00229100,Bma-cdc-7,Bm8839a.1,21.6028,Kinase
ENSG00000164885,WBGene00225048,Bma-cdk-1.1,Bm4787a.1,43.4931,Kinase
ENSG00000170312,WBGene00230587,Bma-cdk-1.2,Bm10326.1,0,Kinase
ENSG00000164885,WBGene00230408,Bma-cdk-1.3,Bm10147.1,44.863,Kinase
ENSG00000008128,WBGene00222087,Bma-cdk-11.1,Bm1826.1,34.4828,Kinase
ENSG00000135446,WBGene00221996,Bma-cdk-12,Bm1735.1,38.9439,Kinase
ENSG00000250506,WBGene00229514,Bma-cdk-2,Bm9253.1,51.1475,Kinase
ENSG00000135446,WBGene00223705,Bma-cdk-4,Bm3444a.1,40.264,Kinase
ENSG00000250506,WBGene00226309,Bma-cdk-5,Bm6048.1,56.0656,Kinase
ENSG00000134058,WBGene00234010,Bma-cdk-7,Bm13749.1,58.6705,Kinase
ENSG00000135446,WBGene00224209,Bma-cdk-8,Bm3948a.1,34.9835,Kinase
ENSG00000136807,WBGene00224940,Bma-cdk-9,Bm4679.1,59.4086,Kinase
ENSG00000135446,WBGene00226789,Bma-cdkl-1,Bm6528.1,32.0132,Kinase
ENSG00000144481,WBGene00227742,Bma-ced-11,Bm7481a.1,13.3152,TRP Channel
ENSG00000176170,WBGene00225968,Bma-cerk-1,Bm5707.1,14.6809,Kinase
ENSG00000065978,WBGene00224042,Bma-cey-1,Bm3781.1,25.3086,NA
ENSG00000163251,WBGene00223919,Bma-cfz-2,Bm3658.1,39.1453,Frizzled
ENSG00000070748,WBGene00227648,Bma-cha-1,Bm7387.1,30.3476,Transferase
ENSG00000119969,WBGene00224892,Bma-chd-1,Bm4631a.1,25.3394,DNA-binding
ENSG00000119969,WBGene00225807,Bma-chd-7,Bm5546.1,28.1674,DNA-binding
ENSG00000104140,WBGene00228452,Bma-chw-1,Bm8191a.1,47.4576,GTPase
ENSG00000198574,WBGene00223120,Bma-cil-1,Bm2859.1,18.9394,Structural
ENSG00000004660,WBGene00222254,Bma-ckk-1,Bm1993.1,36.8421,Kinase
ENSG00000163394,WBGene00226199,Bma-ckr-1,Bm5938a.1,23.8318,GPCR
ENSG00000174576,WBGene00222479,Bma-cky-1,Bm2218a.1,15.7107,DNA-binding
ENSG00000134072,WBGene00225117,Bma-cmk-1,Bm4856a.1,56.2162,Kinase
ENSG00000179774,WBGene00222843,Bma-cnd-1,Bm2582a.1,24.3421,DNA-binding
ENSG00000072818,WBGene00226567,Bma-cnt-1,Bm6306.1,30.2703,Ankyrin-containing Protein
ENSG00000188234,WBGene00226711,Bma-cnt-2,Bm6450.1,29.7134,GTPase
ENSG00000119723,WBGene00234346,Bma-coq-6.1,Bm14085.1,17.3077,Oxygenase
ENSG00000119723,WBGene00269328,Bma-coq-6.2,Bm18188.1,20.5128,Oxygenase
ENSG00000143387,WBGene00227937,Bma-cpl-1.4,Bm7676.1,43.465,Cathepsin
ENSG00000143387,WBGene00227942,Bma-cpl-1.5,Bm7681.1,42.8571,Cathepsin
ENSG00000143387,WBGene00227936,Bma-cpl-1.6,Bm7675.1,44.0729,Cathepsin
ENSG00000143387,WBGene00227938,Bma-cpl-1.7,Bm7677.1,43.1611,Cathepsin
ENSG00000143387,WBGene00221927,Bma-cpl-1.8,Bm1666a.1,42.5532,Cathepsin
ENSG00000143387,WBGene00227940,Bma-cpl-1.9,Bm7679.1,43.465,Cathepsin
ENSG00000137251,WBGene00222626,Bma-cpr-6,Bm2365.1,21.6387,NA
ENSG00000165934,WBGene00223503,Bma-cpsf-2,Bm3242.1,50.3836,RNA-binding
ENSG00000119203,WBGene00234075,Bma-cpsf-3,Bm13814.1,56.8713,RNA-binding
ENSG00000110090,WBGene00226845,Bma-cpt-1,Bm6584.1,43.9845,Transferase
ENSG00000157184,WBGene00225554,Bma-cpt-2,Bm5293.1,39.5137,Transferase
ENSG00000136943,WBGene00224015,Bma-cpz-1,Bm3754.1,25.4491,Cathepsin
ENSG00000123268,WBGene00226771,Bma-crh-1,Bm6510a.1,31.7343,DNA-binding
ENSG00000157613,WBGene00228489,Bma-crh-2,Bm8228.1,12.9094,DNA-binding
ENSG00000151292,WBGene00227519,Bma-csnk-1,Bm7258a.1,58.6813,Kinase
ENSG00000123191,WBGene00227406,Bma-cua-1,Bm7145.1,34.6758,Nucleotide-binding
ENSG00000107611,WBGene00227611,Bma-cubn-1,Bm7350b.1,25.4761,NA
ENSG00000055732,WBGene00225637,Bma-cup-5,Bm5376.1,24.0506,Channel
ENSG00000145386,WBGene00227740,Bma-cya-1,Bm7479.1,25,Cyclin
ENSG00000147082,WBGene00225880,Bma-cyb-3,Bm5619b.2,7.09677,NA
ENSG00000110092,WBGene00226689,Bma-cyd-1,Bm6428a.1,21.3559,Cyclin
ENSG00000184979,WBGene00227709,Bma-cyk-3,Bm7448.1,20.4301,Hydrolase
ENSG00000197838,WBGene00222012,Bma-cyp-23A1,Bm1751a.1,31.5789,Monooxygenase
ENSG00000145476,WBGene00227420,Bma-cyp-42A1.1,Bm7159.1,37.1429,Oxygenase
ENSG00000145476,WBGene00228896,Bma-cyp-42A1.2,Bm8635.1,36.9524,Oxygenase
ENSG00000123612,WBGene00232265,Bma-daf-1,Bm12004a.1,41.9878,Kinase
ENSG00000140538,WBGene00227106,Bma-daf-2,Bm6845.1,18.7128,Receptor Tyrosine Kinase
ENSG00000101665,WBGene00223836,Bma-daf-3,Bm3575a.1,19.9531,DNA-binding
ENSG00000109163,WBGene00227487,Bma-daf-38,Bm7226.1,18.5976,GPCR
ENSG00000114739,WBGene00230438,Bma-daf-4,Bm10177a.1,31.8359,Kinase
ENSG00000138379,WBGene00222058,Bma-daf-7,Bm1797b.1,22.6667,Cytokine
ENSG00000101665,WBGene00229434,Bma-daf-8,Bm9173b.1,14.0845,DNA-binding
ENSG00000134716,WBGene00222818,Bma-daf-9,Bm2557.1,30.6773,Monooxygenase
ENSG00000167657,WBGene00225279,Bma-dapk-1,Bm5018a.1,38.1057,Kinase
ENSG00000157103,WBGene00226221,Bma-dat-1,Bm5960.1,34.3907,Sodium-dependent Transporter
ENSG00000125845,WBGene00223175,Bma-dbl-1,Bm2914.1,25,Cytokine
ENSG00000204580,WBGene00223572,Bma-ddr-2,Bm3311a.1,15.4516,Receptor Tyrosine Kinase
ENSG00000109606,WBGene00224737,Bma-ddx-15,Bm4476c.1,69.9371,RNA Helicase
ENSG00000166828,WBGene00228249,Bma-deg-1,Bm7988.1,21.7257,Channel
ENSG00000110881,WBGene00226145,Bma-del-6,Bm5884.1,11.8467,Channel
ENSG00000145214,WBGene00222361,Bma-dgk-1,Bm2100.1,33.3333,Kinase
ENSG00000153933,WBGene00225096,Bma-dgk-5,Bm4835.1,28.0423,Kinase
ENSG00000102967,WBGene00226396,Bma-dhod-1,Bm6135.1,38.2278,Dehydrogenase
ENSG00000139988,WBGene00223963,Bma-dhs-17,Bm3702c.1,20.5696,Dehydrogenase
ENSG00000139547,WBGene00229240,Bma-dhs-2.1,Bm8979.1,29.0221,Dehydrogenase
ENSG00000170426,WBGene00229021,Bma-dhs-2.2,Bm8760.1,30.3514,Dehydrogenase
ENSG00000258466,WBGene00234639,Bma-dhs-2.3,Bm14378.1,16.1017,NA
ENSG00000139547,WBGene00269207,Bma-dhs-2.4,Bm18067.1,24.6057,Dehydrogenase
ENSG00000139547,WBGene00224692,Bma-dhs-2.5,Bm4431.1,31.5457,Dehydrogenase
ENSG00000139547,WBGene00229241,Bma-dhs-2.6,Bm8980.1,26.183,Dehydrogenase
ENSG00000139547,WBGene00224666,Bma-dhs-2.7,Bm4405.1,29.0221,Dehydrogenase
ENSG00000170426,WBGene00269209,Bma-dhs-2.8,Bm18069.1,28.754,Dehydrogenase
ENSG00000133835,WBGene00232261,Bma-dhs-28,Bm12000a.1,19.0539,Dehydrogenase
ENSG00000198189,WBGene00269256,Bma-dhs-29,Bm18116.1,27,Dehydrogenase
ENSG00000130948,WBGene00224733,Bma-dhs-5,Bm4472.1,26.129,Dehydrogenase
ENSG00000139304,WBGene00231083,Bma-dig-1,Bm10822b.1,23.445,NA
ENSG00000139625,WBGene00224059,Bma-dlk-1,Bm3798a.1,27.6906,Kinase
ENSG00000139572,WBGene00223643,Bma-dop-1,Bm3382a.1,14.3939,GPCR
ENSG00000146385,WBGene00225224,Bma-dop-2,Bm4963a.1,25.1462,GPCR
ENSG00000151577,WBGene00225758,Bma-dop-5,Bm5497.1,26.25,GPCR
ENSG00000197635,WBGene00226213,Bma-dpf-1,Bm5952a.1,27.8068,Protease
ENSG00000142002,WBGene00225026,Bma-dpf-3,Bm4765a.1,29.5964,Protease
ENSG00000175497,WBGene00223392,Bma-dpf-4,Bm3131.1,11.875,Protease
ENSG00000164062,WBGene00225613,Bma-dpf-5,Bm5352.1,32.1038,Hydrolase
ENSG00000205683,WBGene00222718,Bma-dpff-1,Bm2457a.1,22.3301,Histone Acetyltransferase
ENSG00000139921,WBGene00224407,Bma-dpy-11,Bm4146.1,36.0714,Isomerase
ENSG00000213281,WBGene00223181,Bma-drn-1,Bm2920.1,33.8624,GTPase
ENSG00000197959,WBGene00226012,Bma-drp-1,Bm5751.1,33.1415,Nucleotide-binding
ENSG00000134326,WBGene00220276,Bma-dtmk-1,Bm15a.1,8.46325,Kinase
ENSG00000134769,WBGene00224450,Bma-dyb-1,Bm4189.1,34.3923,Structural
ENSG00000156345,WBGene00224874,Bma-dyf-18,Bm4613a.1,34.3931,Kinase
ENSG00000111837,WBGene00230021,Bma-dyf-5,Bm9760.1,33.179,Kinase
ENSG00000106976,WBGene00222169,Bma-dyn-1.1,Bm1908a.1,62.3843,Nucleotide-binding
ENSG00000106976,WBGene00229623,Bma-dyn-1.2,Bm9362.1,54.5139,Nucleotide-binding
ENSG00000182732,WBGene00222503,Bma-eat-16,Bm2242a.1,32.8571,GTPase
ENSG00000198836,WBGene00223293,Bma-eat-3,Bm3032.1,45.9378,GTPase
ENSG00000285505,WBGene00222040,Bma-eat-6,Bm1779a.1,69.604,NA
ENSG00000025434,WBGene00231488,Bma-ecr-1,Bm11227a.1,34.2163,Nuclear Receptor
ENSG00000086758,WBGene00227265,Bma-eel-1,Bm7004c.1,25.5373,Sodium-dependent Transporter
ENSG00000059915,WBGene00227108,Bma-efa-6,Bm6847.1,19.3359,Guanine Nucleotide Exchange Factor
ENSG00000162621,WBGene00225119,Bma-egg-6,Bm4858.1,11.3071,Leucine-rich Repeat Protein
ENSG00000182901,WBGene00223927,Bma-egl-10,Bm3666.1,48.8706,GTPase
ENSG00000182578,WBGene00224796,Bma-egl-15,Bm4535.1,17.5926,Receptor Tyrosine Kinase
ENSG00000102001,WBGene00223086,Bma-egl-19,Bm2825a.1,48.8113,CaV Channels
ENSG00000140015,WBGene00223665,Bma-egl-2,Bm3404a.1,43.9271,Voltage-Gated Potassium Channel
ENSG00000186795,WBGene00233054,Bma-egl-23,Bm12793.1,14.0625,Channel
ENSG00000125851,WBGene00223147,Bma-egl-3,Bm2886.1,58.464,Protease
ENSG00000138669,WBGene00224657,Bma-egl-4,Bm4396a.1,43.1759,Kinase
ENSG00000135374,WBGene00222591,Bma-elf-1,Bm2330.1,20.7547,DNA-binding
ENSG00000127948,WBGene00234079,Bma-emb-8,Bm13818.1,44.5588,Reductase
ENSG00000166598,WBGene00225845,Bma-enpl-1,Bm5584a.1,60.0249,Chaperone
ENSG00000091428,WBGene00226130,Bma-epac-1,Bm5869.1,38.18,Guanine Nucleotide Exchange Factor
ENSG00000023318,WBGene00229941,Bma-erp-44.1,Bm9680a.1,47.5369,Isomerase
ENSG00000185615,WBGene00222754,Bma-erp-44.2,Bm2493.1,14.2857,Chaperone
ENSG00000009335,WBGene00223316,Bma-etc-1,Bm3055.1,27.5162,Ubiquitin-ligase
ENSG00000124664,WBGene00223763,Bma-ets-4,Bm3502a.1,28.0597,DNA-binding
ENSG00000268041,WBGene00222972,Bma-ets-5,Bm2711.1,19.774,DNA-binding
ENSG00000106018,WBGene00224007,Bma-eva-1,Bm3746b.1,8.21918,GPCR
ENSG00000273003,WBGene00233917,Bma-evl-20,Bm13656.1,74.3363,NA
ENSG00000170745,WBGene00223582,Bma-exp-2,Bm3321a.1,29.3279,Voltage-Gated Potassium Channel
ENSG00000172782,WBGene00233838,Bma-fat-3,Bm13577.1,17.9348,NA
ENSG00000172782,WBGene00228208,Bma-fat-4,Bm7947.1,14.9457,NA
ENSG00000130957,WBGene00234111,Bma-fbp-1,Bm13850.1,56.9322,Phosphatase
ENSG00000285542,WBGene00234581,Bma-fem-2,Bm14320.1,20.8333,NA
ENSG00000059804,WBGene00228623,Bma-fgt-1,Bm8362a.1,39.5161,Transporter
ENSG00000112367,WBGene00222817,Bma-figo-1,Bm2556a.1,32.5248,Phosphatase
ENSG00000196924,WBGene00227251,Bma-fln-1.1,Bm6990a.2,24.6317,Actin-binding
ENSG00000196924,WBGene00227250,Bma-fln-1.2,Bm6989.1,20.2116,Actin-binding
ENSG00000096696,WBGene00222580,Bma-fln-2,Bm2319a.1,10.5538,Structural
ENSG00000188566,WBGene00234080,Bma-fre-1,Bm13819.1,30.363,Reductase
ENSG00000089280,WBGene00222701,Bma-fust-1,Bm2440.1,20.5323,RNA-binding
ENSG00000178950,WBGene00232872,Bma-gakh-1,Bm12611.1,24.714,Kinase
ENSG00000180720,WBGene00224440,Bma-gar-2,Bm4179.1,19.2067,GPCR
ENSG00000168539,WBGene00233845,Bma-gar-3,Bm13584a.1,32.6087,GPCR
ENSG00000204681,WBGene00226788,Bma-gbb-1,Bm6527.1,35.9001,GPCR
ENSG00000136928,WBGene00227693,Bma-gbb-2,Bm7432a.1,30.1807,GPCR
ENSG00000107862,WBGene00222611,Bma-gbf-1,Bm2350a.1,40.1291,Guanine Nucleotide Exchange Factor
ENSG00000115694,WBGene00226087,Bma-gck-1,Bm5826.1,57.277,Kinase
ENSG00000011566,WBGene00227641,Bma-gck-2,Bm7380a.1,40.4922,Kinase
ENSG00000198648,WBGene00227195,Bma-gck-3,Bm6934.1,48.0734,Kinase
ENSG00000108984,WBGene00222204,Bma-gck-4,Bm1943a.1,22.7545,Kinase
ENSG00000128829,WBGene00227423,Bma-gcn-2,Bm7162a.1,23.4688,Kinase
ENSG00000169418,WBGene00225710,Bma-gcy-28,Bm5449b.1,42.1301,Kinase
ENSG00000174327,WBGene00223108,Bma-gem-1,Bm2847a.1,26.5258,Transporter
ENSG00000108262,WBGene00223631,Bma-git-1,Bm3370b.1,32.2078,Ankyrin-containing Protein
ENSG00000148832,WBGene00224881,Bma-glf-1,Bm4620c.1,15.4599,Oxidase
ENSG00000152578,WBGene00269439,Bma-glr-1,Bm18224.1,34.5898,Ionotropic Glutamate Receptor
ENSG00000125675,WBGene00221995,Bma-glr-2,Bm1734.1,31.2081,Ionotropic Glutamate Receptor
ENSG00000106688,WBGene00222424,Bma-glt-1,Bm2163.1,46.7557,Transporter
ENSG00000109163,WBGene00224625,Bma-gnrr-1,Bm4364a.1,25.9146,GPCR
ENSG00000083067,WBGene00228694,Bma-gon-2,Bm8433d.1,32.1031,TRP Channel
ENSG00000116157,WBGene00269239,Bma-gpx-7,Bm18099a.1,33.1551,Peroxidase
ENSG00000198873,WBGene00269119,Bma-grk-1.1,Bm17977.1,26.4407,Kinase
ENSG00000198873,WBGene00223707,Bma-grk-1.2,Bm3446a.1,56.7797,Kinase
ENSG00000198055,WBGene00228225,Bma-grk-2,Bm7964.1,34.5486,Kinase
ENSG00000108669,WBGene00225104,Bma-grp-1,Bm4843.1,51.7588,Guanine Nucleotide Exchange Factor
ENSG00000268643,WBGene00233214,Bma-gsk-3,Bm12953.1,67.0659,NA
ENSG00000213639,WBGene00223960,Bma-gsp-1,Bm3699a.1,90.2141,Phosphatase
ENSG00000084207,WBGene00225675,Bma-gst-1,Bm5414a.1,41.4286,NA
ENSG00000163106,WBGene00230224,Bma-gst-40,Bm9963.1,20.1005,Transferase
ENSG00000183044,WBGene00225061,Bma-gta-1,Bm4800a.1,43.6,Transferase
ENSG00000134160,WBGene00224618,Bma-gtl-2,Bm4357.1,29.9635,TRP Channel
ENSG00000204267,WBGene00224320,Bma-haf-2,Bm4059a.1,25.656,Transporter
ENSG00000094631,WBGene00226987,Bma-hda-10,Bm6726.1,12.1811,Histone Deacetylase
ENSG00000163517,WBGene00222864,Bma-hda-11,Bm2603.1,45.245,Histone Deacetylase
ENSG00000048052,WBGene00222325,Bma-hda-2,Bm2064.1,7.85781,Histone Deacetylase
ENSG00000116478,WBGene00229184,Bma-hda-3,Bm8923.1,60.5809,Histone Deacetylase
ENSG00000048052,WBGene00222392,Bma-hda-4,Bm2131b.1,25.5379,Histone Deacetylase
ENSG00000148634,WBGene00226932,Bma-herc-1,Bm6671.1,34.4371,Ubiquitin-ligase
ENSG00000049860,WBGene00226053,Bma-hex-1,Bm5792.1,38.3094,Hydrolase
ENSG00000124440,WBGene00268847,Bma-hif-1.2,Bm17705.1,4.78326,DNA-binding
ENSG00000124440,WBGene00268379,Bma-hif-1.3,Bm17236.1,4.78326,DNA-binding
ENSG00000124440,WBGene00224168,Bma-hif-1.4,Bm3907b.1,16.293,DNA-binding
ENSG00000124440,WBGene00268348,Bma-hif-1.5,Bm17205.1,4.78326,DNA-binding
ENSG00000066468,WBGene00222602,Bma-hir-1,Bm2341a.1,17.1533,Receptor Tyrosine Kinase
ENSG00000125533,WBGene00223335,Bma-hlh-16,Bm3074.1,21.1618,DNA-binding
ENSG00000140262,WBGene00225364,Bma-hlh-2,Bm5103a.1,13.3144,DNA-binding
ENSG00000124440,WBGene00225733,Bma-hlh-34,Bm5472.1,16.1435,DNA-binding
ENSG00000173801,WBGene00225089,Bma-hmp-2,Bm4828a.1,32.2148,NA
ENSG00000110422,WBGene00223718,Bma-hpk-1,Bm3457d.1,25.8436,Kinase
ENSG00000164070,WBGene00233924,Bma-hsp-110,Bm13663.1,41.8355,Chaperone
ENSG00000113013,WBGene00233923,Bma-hsp-6,Bm13662a.1,71.8704,Chaperone
ENSG00000126602,WBGene00225695,Bma-hsp-75,Bm5434a.1,40.767,Chaperone
ENSG00000164508,WBGene00225559,Bma-htz-1,Bm5298.1,56.4885,Histone
ENSG00000106633,WBGene00233072,Bma-hxk-1.1,Bm12811b.1,43.7768,Kinase
ENSG00000106633,WBGene00223624,Bma-hxk-1.2,Bm3363b.1,23.8197,Kinase
ENSG00000106633,WBGene00230488,Bma-hxk-1.3,Bm10227.1,44.206,Kinase
ENSG00000132323,WBGene00224045,Bma-ilkp-1,Bm3784.1,34.1837,Phosphatase
ENSG00000091409,WBGene00232622,Bma-ina-1,Bm12361.1,26.5811,Integrin
ENSG00000148384,WBGene00226260,Bma-inpp-1,Bm5999a.1,15.9938,Phosphatase
ENSG00000127054,WBGene00223516,Bma-ints-11,Bm3255a.2,49.835,RNA-binding
ENSG00000104299,WBGene00223712,Bma-ints-9,Bm3451.1,32.0669,NA
ENSG00000184185,WBGene00225321,Bma-irk-2,Bm5060a.1,39.7229,Inward Rectifier Potassium Channel
ENSG00000162728,WBGene00231925,Bma-irk-3,Bm11664.1,27.4809,Inward Rectifier Potassium Channel
ENSG00000102038,WBGene00224146,Bma-isw-1,Bm3885a.1,59.2523,DNA-binding
ENSG00000114648,WBGene00225570,Bma-ivns-1,Bm5309a.1,26.4808,Actin-binding
ENSG00000173120,WBGene00226278,Bma-jhdm-1,Bm6017.1,18.7608,Histone Demethylase
ENSG00000107077,WBGene00226902,Bma-jmjd-2,Bm6641b.1,23.4848,Histone Demethylase
ENSG00000141639,WBGene00222081,Bma-jnk-1,Bm1820d.1,16.6951,Kinase
ENSG00000197885,WBGene00224502,Bma-kbrl-1,Bm4241a.1,42.7083,GTPase
ENSG00000105642,WBGene00222050,Bma-kcnl-1,Bm1789a.1,31.4917,Channel
ENSG00000105642,WBGene00223437,Bma-kcnl-2,Bm3176.1,40.5157,Channel
ENSG00000117153,WBGene00223073,Bma-kel-1,Bm2812.1,34.507,Actin-binding
ENSG00000076321,WBGene00225628,Bma-kel-20,Bm5367a.1,64.6962,Actin-binding
ENSG00000114648,WBGene00226310,Bma-kel-3,Bm6049.1,51.2195,Actin-binding
ENSG00000145332,WBGene00226406,Bma-kel-8,Bm6145a.1,44.3548,Actin-binding
ENSG00000149930,WBGene00226078,Bma-kin-18,Bm5817.1,27.2874,Kinase
ENSG00000113712,WBGene00222192,Bma-kin-19,Bm1931a.1,78.0822,Kinase
ENSG00000213923,WBGene00224409,Bma-kin-20,Bm4148a.1,58.6538,Kinase
ENSG00000070770,WBGene00221966,Bma-kin-3,Bm1705a.1,76,Kinase
ENSG00000160867,WBGene00229221,Bma-kin-9,Bm8960.1,13.7157,Receptor Tyrosine Kinase
ENSG00000101350,WBGene00223721,Bma-klp-11,Bm3460.1,52.075,Kinesin
ENSG00000168280,WBGene00225742,Bma-klp-12,Bm5481a.1,20.6897,Kinesin
ENSG00000168280,WBGene00226801,Bma-klp-19,Bm6540.1,21.8391,Kinesin
ENSG00000131437,WBGene00226971,Bma-klp-20,Bm6710.1,52.3416,Kinesin
ENSG00000140859,WBGene00231878,Bma-klp-3,Bm11617.1,19.3396,Kinesin
ENSG00000137177,WBGene00224745,Bma-klp-4,Bm4484.1,35.7895,Kinesin
ENSG00000142945,WBGene00225263,Bma-klp-7,Bm5002.1,43.1724,Kinesin
ENSG00000140564,WBGene00223554,Bma-kpc-1,Bm3293.1,42.5693,Protease
ENSG00000053918,WBGene00222625,Bma-kqt-1,Bm2364b.1,34.1716,Voltage-Gated Potassium Channel
ENSG00000132155,WBGene00223588,Bma-ksr-1,Bm3327.1,14.9701,Kinase
ENSG00000170745,WBGene00226896,Bma-kvs-4,Bm6635a.1,21.9959,Voltage-Gated Potassium Channel
ENSG00000162618,WBGene00222072,Bma-lat-1,Bm1811b.1,25.5072,Adhesion GPCR
ENSG00000162618,WBGene00222000,Bma-lat-2,Bm1739a.1,23.3333,Adhesion GPCR
ENSG00000147588,WBGene00226764,Bma-lbp-9,Bm6503a.1,40.1515,Fatty-acid binding
ENSG00000166796,WBGene00223600,Bma-ldh-1,Bm3339a.1,55.4217,Dehydrogenase
ENSG00000092445,WBGene00227876,Bma-let-23,Bm7615.1,13.2584,Receptor Tyrosine Kinase
ENSG00000005100,WBGene00225844,Bma-let-355,Bm5583.1,35.9264,RNA Helicase
ENSG00000198793,WBGene00221988,Bma-let-363,Bm1727a.1,37.7403,Kinase
ENSG00000137507,WBGene00223030,Bma-let-4,Bm2769.1,17.5227,Leucine-rich Repeat Protein
ENSG00000134318,WBGene00225797,Bma-let-502,Bm5536.1,32.9251,Kinase
ENSG00000174775,WBGene00249818,Bma-let-60,Bm16898.1,76.1905,GTPase
ENSG00000107175,WBGene00224777,Bma-let-607,Bm4516.1,23.7197,DNA-binding
ENSG00000102678,WBGene00222241,Bma-let-756,Bm1980.1,33.6538,Growth Factor
ENSG00000113575,WBGene00233974,Bma-let-92,Bm13713.1,88.3495,Phosphatase
ENSG00000091583,WBGene00225926,Bma-lev-9,Bm5665a.1,25.2174,NA
ENSG00000111145,WBGene00227413,Bma-lin-1,Bm7152.1,31.941,DNA-binding
ENSG00000174804,WBGene00227305,Bma-lin-17,Bm7044.1,32.4022,Frizzled
ENSG00000131914,WBGene00223413,Bma-lin-28,Bm3152.1,27.2727,NA
ENSG00000179774,WBGene00229831,Bma-lin-32,Bm9570.1,26.3158,DNA-binding
ENSG00000078061,WBGene00227354,Bma-lin-45,Bm7093a.1,39.2447,Kinase
ENSG00000100425,WBGene00224277,Bma-lin-49,Bm4016a.1,22.1194,Histone Acetyltransferase
ENSG00000136169,WBGene00226014,Bma-lin-59,Bm5753a.1,8.90125,Histone Methyltransferase
ENSG00000007168,WBGene00225776,Bma-lis-1,Bm5515.1,64.3902,NA
ENSG00000141639,WBGene00226476,Bma-lit-1,Bm6215b.1,19.0801,Kinase
ENSG00000104312,WBGene00226305,Bma-lrk-1,Bm6044a.1,16.6667,Kinase
ENSG00000134061,WBGene00223542,Bma-lron-5,Bm3281.1,17.7005,Leucine-rich Repeat Protein
ENSG00000277481,WBGene00223163,Bma-lst-6,Bm2902b.1,4.67667,Channel
ENSG00000143748,WBGene00226906,Bma-mac-1,Bm6645.2,39.9533,ATPase
ENSG00000176444,WBGene00223363,Bma-madd-3,Bm3102a.1,49.0982,Kinase
ENSG00000077279,WBGene00223016,Bma-mak-2,Bm2755a.1,3.27869,Structural
ENSG00000181085,WBGene00222236,Bma-mapk-15,Bm1975.1,40.2574,Kinase
ENSG00000104825,WBGene00225606,Bma-mask-1,Bm5345.1,29.4944,Hydrolase
ENSG00000108984,WBGene00226692,Bma-max-2,Bm6431a.1,28.4431,Kinase
ENSG00000157540,WBGene00225803,Bma-mbk-1,Bm5542a.1,40.498,Kinase
ENSG00000143479,WBGene00224493,Bma-mbk-2,Bm4232.1,46.9388,Kinase
ENSG00000057252,WBGene00222049,Bma-mboa-1,Bm1788.1,27.2727,Acyltransferase
ENSG00000185000,WBGene00232729,Bma-mboa-2,Bm12468.1,42.0082,Acyltransferase
ENSG00000172197,WBGene00229495,Bma-mboa-3.1,Bm9234.1,37.1717,Acyltransferase
ENSG00000172197,WBGene00223203,Bma-mboa-3.2,Bm2942.1,36.9697,Acyltransferase
ENSG00000111684,WBGene00225699,Bma-mboa-6,Bm5438.1,28.7474,Acyltransferase
ENSG00000125505,WBGene00223632,Bma-mboa-7,Bm3371.1,28.8136,Acyltransferase
ENSG00000105675,WBGene00234977,Bma-mca-3.1,Bm14792a.1,23.3816,ATP-dependent Ca2+ Transporter
ENSG00000105675,WBGene00225471,Bma-mca-3.2,Bm5210a.1,22.029,ATP-dependent Ca2+ Transporter
ENSG00000174327,WBGene00225086,Bma-mct-4,Bm4825a.1,28.6385,Transporter
ENSG00000156026,WBGene00225006,Bma-mcu-1,Bm4745a.1,33.6182,Transporter
ENSG00000146701,WBGene00234116,Bma-mdh-2,Bm13855.1,53.2544,Dehydrogenase
ENSG00000243910,WBGene00229489,Bma-mec-12,Bm9228.1,70.9544,Structural
ENSG00000116218,WBGene00232993,Bma-mec-2,Bm12732.1,34.4648,Structural
ENSG00000166828,WBGene00224704,Bma-mec-4,Bm4443c.1,20.4931,Channel
ENSG00000258947,WBGene00228922,Bma-mec-7,Bm8661.1,86.8889,Beta-tubulin
ENSG00000213999,WBGene00226531,Bma-mef-2,Bm6270.1,27.4457,DNA-binding
ENSG00000169032,WBGene00227060,Bma-mek-2,Bm6799.1,49.8728,Kinase
ENSG00000169967,WBGene00225937,Bma-mekk-3,Bm5676.1,29.4023,Kinase
ENSG00000136169,WBGene00225501,Bma-mes-2,Bm5240a.1,10.0139,Histone Methyltransferase
ENSG00000136169,WBGene00231167,Bma-mes-4,Bm10906a.1,8.34492,Histone Methyltransferase
ENSG00000136169,WBGene00225477,Bma-met-2,Bm5216a.1,16.2726,Histone Methyltransferase
ENSG00000168959,WBGene00224390,Bma-mgl-2,Bm4129.1,28.2178,Metabotropic Glutamate Receptor
ENSG00000240972,WBGene00227131,Bma-mif-1,Bm6870.1,38.2609,Cytokine
ENSG00000099977,WBGene00223158,Bma-mif-2,Bm2897a.2,28.8136,Hydrolase
ENSG00000111432,WBGene00226631,Bma-mig-1,Bm6370a.1,23.7522,Frizzled
ENSG00000141503,WBGene00227661,Bma-mig-15,Bm7400a.1,41.7417,Kinase
ENSG00000177105,WBGene00222871,Bma-mig-2,Bm2610.1,63.3508,GTPase
ENSG00000185619,WBGene00223557,Bma-mig-32,Bm3296b.1,38.843,Ligase
ENSG00000140983,WBGene00225194,Bma-miro-1,Bm4933.1,46.6019,GTPase
ENSG00000167657,WBGene00227633,Bma-mlck-1,Bm7372a.1,28.6344,Kinase
ENSG00000129465,WBGene00229603,Bma-mlk-1,Bm9342b.1,18.1467,Kinase
ENSG00000099875,WBGene00225704,Bma-mnk-1,Bm5443a.1,39.1398,Kinase
ENSG00000166825,WBGene00221999,Bma-mnp-1,Bm1738.1,11.272,Aminopeptidase
ENSG00000124217,WBGene00234192,Bma-moc-3,Bm13931.1,38.6957,Transferase
ENSG00000103546,WBGene00227067,Bma-mod-5,Bm6806a.1,40.7643,Sodium-dependent Transporter
ENSG00000140829,WBGene00225052,Bma-mog-1,Bm4791a.1,53.3007,RNA Helicase
ENSG00000204560,WBGene00222220,Bma-mog-4,Bm1959b.1,55.3314,RNA Helicase
ENSG00000067596,WBGene00223374,Bma-mog-5,Bm3113.1,60.9016,RNA Helicase
ENSG00000102312,WBGene00225923,Bma-mom-1,Bm5662.1,26.898,Acyltransferase
ENSG00000180340,WBGene00226206,Bma-mom-5,Bm5945.1,38.2301,Frizzled
ENSG00000061987,WBGene00223558,Bma-mon-2,Bm3297a.1,35.3524,NA
ENSG00000100030,WBGene00224308,Bma-mpk-1,Bm4047.1,77.7778,Kinase
ENSG00000143776,WBGene00225163,Bma-mrck-1,Bm4902a.1,41.5358,Kinase
ENSG00000114770,WBGene00223634,Bma-mrp-5,Bm3373.1,33.4029,ATP-dependent Transporter
ENSG00000023839,WBGene00223757,Bma-mrp-7.1,Bm3496.1,19.6764,ATP-dependent Transporter
ENSG00000001626,WBGene00268668,Bma-mrp-7.2,Bm17525.1,10.7432,Transporter
ENSG00000085511,WBGene00226749,Bma-mtk-1,Bm6488b.1,21.2687,Kinase
ENSG00000124275,WBGene00222148,Bma-mtrr-1,Bm1887.1,20.6304,Reductase
ENSG00000103510,WBGene00225046,Bma-mys-2,Bm4785.1,43.469,Histone Acetyltransferase
ENSG00000156650,WBGene00230660,Bma-mys-4,Bm10399.1,6.5123,Histone Acetyltransferase
ENSG00000141485,WBGene00223997,Bma-nac-1,Bm3736.1,37.1479,Transporter
ENSG00000188886,WBGene00223491,Bma-nas-14,Bm3230b.1,25.058,Proteinase
ENSG00000038295,WBGene00224178,Bma-nas-39,Bm3917a.1,39.2892,Protease
ENSG00000149294,WBGene00228483,Bma-ncam-1,Bm8222a.1,12.8959,Receptor
ENSG00000118160,WBGene00222403,Bma-ncx-2,Bm2142b.1,43.9739,Transporter
ENSG00000100678,WBGene00227616,Bma-ncx-3,Bm7355.1,27.616,Transporter
ENSG00000275074,WBGene00268813,Bma-ndx-1,Bm17671.1,20.743,NA
ENSG00000165609,WBGene00226405,Bma-ndx-2,Bm6144.1,32.4201,Phosphatase
ENSG00000171551,WBGene00227680,Bma-nep-1,Bm7419a.1,25.9355,Protease
ENSG00000171551,WBGene00268701,Bma-nep-11,Bm17558.1,23.7419,Protease
ENSG00000196549,WBGene00228066,Bma-nep-2,Bm7805.1,34.4,Protease
ENSG00000171551,WBGene00226069,Bma-nep-21,Bm5808.1,29.6774,Protease
ENSG00000179774,WBGene00226054,Bma-ngn-1,Bm5793.1,23.6842,DNA-binding
ENSG00000164749,WBGene00221359,Bma-nhr-120,Bm1098a.1,17.9775,Nuclear Receptor
ENSG00000164749,WBGene00225718,Bma-nhr-14,Bm5457a.1,23.8202,Nuclear Receptor
ENSG00000160113,WBGene00233596,Bma-nhr-236,Bm13335a.1,16.8317,Nuclear Receptor
ENSG00000164749,WBGene00225196,Bma-nhr-32,Bm4935a.1,13.4831,Nuclear Receptor
ENSG00000164749,WBGene00231886,Bma-nhr-35,Bm11625.1,28.5393,Nuclear Receptor
ENSG00000160113,WBGene00227482,Bma-nhr-41,Bm7221a.1,26.2376,Nuclear Receptor
ENSG00000164749,WBGene00225241,Bma-nhr-49,Bm4980a.1,24.9438,Nuclear Receptor
ENSG00000153234,WBGene00223096,Bma-nhr-6,Bm2835a.1,21.5719,Nuclear Receptor
ENSG00000112333,WBGene00222339,Bma-nhr-67,Bm2078.1,30.0948,Nuclear Receptor
ENSG00000164749,WBGene00225155,Bma-nhr-88,Bm4894a.1,22.0225,Nuclear Receptor
ENSG00000186350,WBGene00226556,Bma-nhr-91,Bm6295a.1,23.1602,Nuclear Receptor
ENSG00000115616,WBGene00232040,Bma-nhx-1,Bm11779.1,25.6158,Transporter
ENSG00000115616,WBGene00224785,Bma-nhx-5,Bm4524.1,18.2266,Transporter
ENSG00000197818,WBGene00226574,Bma-nhx-8,Bm6313a.1,35.6784,Transporter
ENSG00000119973,WBGene00269159,Bma-npr-1,Bm18017.1,23.7838,GPCR
ENSG00000272297,WBGene00223170,Bma-npr-10,Bm2909.1,18.3673,NA
ENSG00000164128,WBGene00227645,Bma-npr-13,Bm7384.1,13.8021,GPCR
ENSG00000181408,WBGene00224723,Bma-npr-16,Bm4462.1,15.9383,GPCR
ENSG00000134640,WBGene00268235,Bma-npr-18,Bm17091.1,16.0221,GPCR
ENSG00000180772,WBGene00269108,Bma-npr-32,Bm17966.1,21.4876,GPCR
ENSG00000148734,WBGene00223141,Bma-npr-35,Bm2880.1,13.7209,GPCR
ENSG00000119973,WBGene00222515,Bma-npr-4,Bm2254.1,22.973,GPCR
ENSG00000119973,WBGene00227183,Bma-npr-5,Bm6922b.1,21.8919,GPCR
ENSG00000197442,WBGene00232496,Bma-nsy-1,Bm12235.1,37.6274,Kinase
ENSG00000130414,WBGene00225077,Bma-nuo-4,Bm4816.1,29.2958,Kinase
ENSG00000171634,WBGene00223902,Bma-nurf-1,Bm3641b.1,13.5274,NA
ENSG00000204084,WBGene00222504,Bma-ocrl-1.1,Bm2243.1,23.1106,Phosphatase
ENSG00000204084,WBGene00234752,Bma-ocrl-1.2,Bm14491.1,13.034,Phosphatase
ENSG00000146477,WBGene00232070,Bma-oct-1,Bm11809.1,30.5755,Transporter
ENSG00000160991,WBGene00222363,Bma-orai-1,Bm2102b.1,30.315,Channel
ENSG00000168280,WBGene00231855,Bma-osm-3,Bm11594.1,19.3312,Kinesin
ENSG00000127412,WBGene00221972,Bma-osm-9,Bm1711a.1,19.2044,TRP Channel
ENSG00000151148,WBGene00226714,Bma-oxi-1,Bm6453.1,37.5468,Ubiquitin-ligase
ENSG00000180370,WBGene00235057,Bma-pak-1,Bm14722a.1,55.916,Kinase
ENSG00000108984,WBGene00223037,Bma-pak-2,Bm2776.1,25.1497,Kinase
ENSG00000141279,WBGene00224490,Bma-pam-1,Bm4229.1,38.6289,Aminopeptidase
ENSG00000099769,WBGene00228024,Bma-pan-1,Bm7763.1,18.0404,Leucine-rich Repeat Protein
ENSG00000159346,WBGene00222989,Bma-paqr-1,Bm2728.1,45.0667,GPCR
ENSG00000006831,WBGene00226617,Bma-paqr-2,Bm6356.1,39.3782,GPCR
ENSG00000163291,WBGene00227255,Bma-paqr-3,Bm6994.1,27.6527,GPCR
ENSG00000118046,WBGene00227191,Bma-par-4,Bm6930a.1,36.9515,Kinase
ENSG00000129484,WBGene00223358,Bma-parp-2,Bm3097a.1,41.8525,Polymerase
ENSG00000169885,WBGene00224604,Bma-pat-10,Bm4343a.1,26.5193,Calcium-binding
ENSG00000161638,WBGene00224639,Bma-pat-2.1,Bm4378.1,24.1182,Integrin
ENSG00000091409,WBGene00269341,Bma-pat-2.2,Bm18195.1,3.48304,Integrin
ENSG00000150093,WBGene00227872,Bma-pat-3,Bm7611.1,41.7293,Integrin
ENSG00000166333,WBGene00222732,Bma-pat-4,Bm2471.1,57.9646,Kinase
ENSG00000099954,WBGene00226877,Bma-pcaf-1,Bm6616c.1,1.76923,Histone Acetyltransferase
ENSG00000146385,WBGene00224852,Bma-pcdr-1,Bm4591.1,17.2515,GPCR
ENSG00000171763,WBGene00223514,Bma-pch-2,Bm3253.1,9.29615,ATPase
ENSG00000102225,WBGene00222311,Bma-pct-1,Bm2050a.1,45.4386,Kinase
ENSG00000154678,WBGene00225808,Bma-pde-1,Bm5547.1,30.1691,Phosphodiesterase
ENSG00000186642,WBGene00225567,Bma-pde-2,Bm5306.1,29.3305,Phosphodiesterase
ENSG00000205268,WBGene00223345,Bma-pde-3,Bm3084.1,21.1618,Phosphodiesterase
ENSG00000065989,WBGene00225698,Bma-pde-4,Bm5437.1,32.6185,Phosphodiesterase
ENSG00000112541,WBGene00222780,Bma-pde-5,Bm2519b.1,32.6996,Phosphodiesterase
ENSG00000284762,WBGene00227465,Bma-pde-6,Bm7204.1,27.8581,NA
ENSG00000263715,WBGene00222429,Bma-pdfr-1,Bm2168b.1,27.0833,NA
ENSG00000067992,WBGene00234027,Bma-pdhk-2,Bm13766.1,42.1687,Dehydrogenase
ENSG00000185624,WBGene00233940,Bma-pdi-2,Bm13679.1,56.2992,Chaperone
ENSG00000185624,WBGene00233940,Bma-pdi-2,Bm13679.1,56.2992,Transferase
ENSG00000167004,WBGene00224891,Bma-pdi-3,Bm4630.2,43.9604,Chaperone
ENSG00000143870,WBGene00222053,Bma-pdi-6,Bm1792.1,47.9675,Isomerase
ENSG00000140992,WBGene00224959,Bma-pdk-1,Bm4698b.1,41.0072,Kinase
ENSG00000164951,WBGene00227860,Bma-pdp-1,Bm7599a.1,28.8256,Phosphatase
ENSG00000188223,WBGene00226330,Bma-pen-2,Bm6069.1,43.6364,NA
ENSG00000114268,WBGene00221824,Bma-pfkb-1.1,Bm1563a.1,49.6802,Phosphatase
ENSG00000085563,WBGene00223185,Bma-pgp-10,Bm2924.1,29.6875,ATP-dependent Transporter
ENSG00000085563,WBGene00223785,Bma-pgp-11,Bm3524.1,34.375,ATP-dependent Transporter
ENSG00000130024,WBGene00228476,Bma-phf-10,Bm8215.1,26.3052,Histone Acetyltransferase
ENSG00000106443,WBGene00227185,Bma-phf-14,Bm6924.1,19.1441,Histone Acetyltransferase
ENSG00000102221,WBGene00227029,Bma-phf-15,Bm6768a.1,22.4787,Histone Acetyltransferase
ENSG00000143393,WBGene00224118,Bma-pifk-1,Bm3857a.1,39.0097,Kinase
ENSG00000165304,WBGene00226429,Bma-pig-1,Bm6168.1,36.5591,Kinase
ENSG00000090376,WBGene00225206,Bma-pik-1,Bm4945.1,19.6309,Kinase
ENSG00000133056,WBGene00224187,Bma-piki-1,Bm3926b.1,28.0294,Kinase
ENSG00000154229,WBGene00224790,Bma-pkc-1,Bm4529.1,43.006,Kinase
ENSG00000154229,WBGene00223349,Bma-pkc-2,Bm3088a.1,62.6488,Kinase
ENSG00000154229,WBGene00223482,Bma-pkc-3,Bm3221.1,31.6964,Kinase
ENSG00000160447,WBGene00224413,Bma-pkn-1,Bm4152d.1,37.7953,Kinase
ENSG00000129219,WBGene00232477,Bma-pld-1,Bm12216.1,41.6935,Phospholipase
ENSG00000188130,WBGene00221973,Bma-pmk-1,Bm1712a.1,55.5858,Kinase
ENSG00000112062,WBGene00224290,Bma-pmk-3,Bm4029b.1,42.2222,Kinase
ENSG00000105675,WBGene00227697,Bma-pmr-1,Bm7436a.1,25.0242,ATP-dependent Ca2+ Transporter
ENSG00000101868,WBGene00228600,Bma-pola-1,Bm8339.1,26.8392,DNA Polymerase
ENSG00000149923,WBGene00233975,Bma-pph-4.1,Bm13714.1,76.2215,Phosphatase
ENSG00000011485,WBGene00233977,Bma-pph-5,Bm13716.1,19.4389,Phosphatase
ENSG00000119414,WBGene00233976,Bma-pph-6,Bm13715.1,49.7076,Phosphatase
ENSG00000143398,WBGene00224665,Bma-ppk-1,Bm4404b.1,40.9253,Nucleotide-binding
ENSG00000150867,WBGene00226943,Bma-ppk-2,Bm6682.1,51.4778,Nucleotide-binding
ENSG00000285542,WBGene00223831,Bma-ppm-1.A,Bm3570.1,45.8333,NA
ENSG00000170836,WBGene00227077,Bma-ppm-1.D,Bm6816b.1,26.6116,Phosphatase
ENSG00000285542,WBGene00224295,Bma-ppm-1.G,Bm4034a.1,29.9479,NA
ENSG00000285542,WBGene00255463,Bma-ppm-2,Bm16920.1,35.6771,NA
ENSG00000196588,WBGene00225783,Bma-pqn-62,Bm5522b.1,17.2878,DNA-binding
ENSG00000102096,WBGene00222279,Bma-prk-1,Bm2018.1,37.299,Kinase
ENSG00000102096,WBGene00224384,Bma-prk-2,Bm4123a.1,37.9421,Kinase
ENSG00000111218,WBGene00227563,Bma-prmt-1,Bm7302.1,56.3452,Transferase
ENSG00000132600,WBGene00231658,Bma-prmt-7,Bm11397.1,29.1908,Methyltransferase
ENSG00000164169,WBGene00229284,Bma-prmt-9,Bm9023.1,17.9882,Transferase
ENSG00000112739,WBGene00223780,Bma-prpf-4,Bm3519b.1,31.7776,Kinase
ENSG00000127980,WBGene00222417,Bma-prx-1,Bm2156.1,17.0694,ATPase
ENSG00000124587,WBGene00224201,Bma-prx-6,Bm3940.1,21.5306,ATPase
ENSG00000158987,WBGene00226056,Bma-pxf-1,Bm5795.1,29.4593,Guanine Nucleotide Exchange Factor
ENSG00000068976,WBGene00226192,Bma-pygl-1,Bm5931a.1,70.3088,Nucleotide-binding
ENSG00000139549,WBGene00225840,Bma-qua-1,Bm5579a.1,14.1414,Calcium-binding
ENSG00000119396,WBGene00225201,Bma-rab-14,Bm4940.1,78.1395,GTPase
ENSG00000099246,WBGene00227442,Bma-rab-18,Bm7181.1,54.0426,GTPase
ENSG00000080371,WBGene00225714,Bma-rab-21,Bm5453.1,48,GTPase
ENSG00000137502,WBGene00226821,Bma-rab-30,Bm6560.1,57.6355,GTPase
ENSG00000267261,WBGene00233920,Bma-rab-5.1,Bm13659.1,46.8085,NA
ENSG00000267261,WBGene00223901,Bma-rab-5.2,Bm3640.1,46.8085,NA
ENSG00000075785,WBGene00233978,Bma-rab-7,Bm13717a.1,72.4638,GTPase
ENSG00000166128,WBGene00223271,Bma-rab-8,Bm3010.1,74.8792,GTPase
ENSG00000164080,WBGene00222688,Bma-rad-26,Bm2427.1,24.5399,DNA-binding
ENSG00000197275,WBGene00227570,Bma-rad-54.B,Bm7309a.1,28.022,DNA-binding
ENSG00000085999,WBGene00226472,Bma-rad-54.L,Bm6211.1,55.8233,DNA-binding
ENSG00000006451,WBGene00227030,Bma-ral-1,Bm6769c.1,68.4466,GTPase
ENSG00000187682,WBGene00222689,Bma-rap-1,Bm2428.1,30.0429,GTPase
ENSG00000123728,WBGene00268958,Bma-rap-2,Bm17816.1,68.306,GTPase
ENSG00000126458,WBGene00223021,Bma-ras-1,Bm2760a.2,52.7523,GTPase
ENSG00000158186,WBGene00223677,Bma-ras-2,Bm3416.1,58.1731,GTPase
ENSG00000091157,WBGene00227075,Bma-rbc-2,Bm6814.1,30.8725,NA
ENSG00000117139,WBGene00227759,Bma-rbr-2,Bm7498.1,24.6835,Histone Demethylase
ENSG00000156925,WBGene00228135,Bma-ref-2,Bm7874.1,28.2655,Zing-finger Containing Protein
ENSG00000050030,WBGene00226638,Bma-rev-3,Bm6377a.1,6.59631,NA
ENSG00000144744,WBGene00223577,Bma-rfl-1,Bm3316.1,46.4363,ATPase
ENSG00000152689,WBGene00223819,Bma-rgef-1,Bm3558.1,33.913,Guanine Nucleotide Exchange Factor
ENSG00000143344,WBGene00223923,Bma-rgl-1,Bm3662.2,28.6426,Guanine Nucleotide Exchange Factor
ENSG00000253148,WBGene00222963,Bma-rgs-6,Bm2702.1,20.3947,GTPase
ENSG00000253148,WBGene00224721,Bma-rgs-7,Bm4460.1,37.5,GTPase
ENSG00000135829,WBGene00225911,Bma-rha-1,Bm5650b.1,41.7323,RNA Helicase
ENSG00000150990,WBGene00222274,Bma-rha-2,Bm2013.1,37.7701,RNA Helicase
ENSG00000106615,WBGene00224608,Bma-rheb-1,Bm4347.1,46.7391,GTPase
ENSG00000113805,WBGene00225216,Bma-rig-1,Bm4955b.1,12.1595,Cell-Cell Adhesion
ENSG00000184144,WBGene00223169,Bma-rig-3,Bm2908.1,7.21154,Cell-Cell Adhesion
ENSG00000020633,WBGene00222060,Bma-rnt-1,Bm1799a.1,20.5128,DNA-binding
ENSG00000047936,WBGene00222517,Bma-rol-3,Bm2256a.1,15.0831,Receptor Tyrosine Kinase
ENSG00000072133,WBGene00228864,Bma-rskn-1,Bm8603.1,55.302,Kinase
ENSG00000072133,WBGene00223197,Bma-rskn-2,Bm2936.1,36.6443,Kinase
ENSG00000175634,WBGene00226858,Bma-rsks-1,Bm6597.1,52.0747,Kinase
ENSG00000143171,WBGene00224250,Bma-rxr-1,Bm3989a.1,35.8531,Nuclear Receptor
ENSG00000211456,WBGene00234182,Bma-sac-1,Bm13921.1,42.0784,Phosphatase
ENSG00000174672,WBGene00223641,Bma-sad-1,Bm3380a.1,47.9112,Kinase
ENSG00000152700,WBGene00233918,Bma-sar-1,Bm13657a.1,66.6667,ADP-ribosylation Factor
ENSG00000134115,WBGene00227726,Bma-sax-3,Bm7465a.1,20.7198,Cell-Cell Adhesion
ENSG00000184144,WBGene00222569,Bma-sax-7.1,Bm2308.1,15.4808,Cell-Cell Adhesion
ENSG00000154133,WBGene00228273,Bma-sax-7.2,Bm8012.1,2.87984,Receptor
ENSG00000074370,WBGene00225264,Bma-sca-1,Bm5003b.1,64.8289,ATPase
ENSG00000062524,WBGene00225981,Bma-scd-2,Bm5720.1,20.4861,Receptor Tyrosine Kinase
ENSG00000114812,WBGene00222554,Bma-seb-3,Bm2293a.1,22.7571,GPCR
ENSG00000169967,WBGene00225458,Bma-sek-1,Bm5197a.1,11.4701,Kinase
ENSG00000065559,WBGene00229612,Bma-sek-3,Bm9351.1,36.8293,Kinase
ENSG00000143801,WBGene00224117,Bma-sel-12,Bm3856a.1,47.3214,Proteinase
ENSG00000116783,WBGene00222592,Bma-sel-15,Bm2331a.1,45.3892,Kinase
ENSG00000115977,WBGene00232851,Bma-sel-5,Bm12590b.1,19.0427,Kinase
ENSG00000147246,WBGene00224850,Bma-ser-1,Bm4589a.1,25.3275,GPCR
ENSG00000146385,WBGene00269103,Bma-ser-2,Bm17961a.1,25.1462,GPCR
ENSG00000146385,WBGene00228089,Bma-ser-4,Bm7828.1,27.4854,GPCR
ENSG00000179546,WBGene00222347,Bma-ser-7,Bm2086.1,27.5862,GPCR
ENSG00000181090,WBGene00230701,Bma-set-11,Bm10440a.1,14.0986,Histone Methyltransferase
ENSG00000099381,WBGene00226002,Bma-set-16,Bm5741a.1,8.90451,Histone Methyltransferase
ENSG00000099381,WBGene00235103,Bma-set-2,Bm15489b.1,12.0094,Histone Methyltransferase
ENSG00000145423,WBGene00227359,Bma-sfrp-1,Bm7098a.1,34.9153,NA
ENSG00000143105,WBGene00227932,Bma-shk-1,Bm7671c.1,39.3346,Voltage-Gated Potassium Channel
ENSG00000143105,WBGene00227358,Bma-shl-1,Bm7097a.1,28.5714,Voltage-Gated Potassium Channel
ENSG00000129159,WBGene00228047,Bma-shw-1,Bm7786.1,22.0513,Voltage-Gated Potassium Channel
ENSG00000129159,WBGene00222940,Bma-shw-3,Bm2679.1,35.5556,Voltage-Gated Potassium Channel
ENSG00000096717,WBGene00220679,Bma-sir-2.1,Bm418a.1,26.6399,Deacetylase
ENSG00000187531,WBGene00224421,Bma-sir-2.4.1,Bm4160.1,35.5,Deacetylase
ENSG00000077463,WBGene00222258,Bma-sir-2.4.2,Bm1997a.1,38.0282,Deacetylase
ENSG00000156113,WBGene00226980,Bma-slo-1,Bm6719a.1,49.7573,Potassium Channel
ENSG00000156113,WBGene00223450,Bma-slo-2,Bm3189.1,4.85437,Potassium Channel
ENSG00000137877,WBGene00225658,Bma-sma-1,Bm5397.1,28.8514,Actin-binding
ENSG00000120693,WBGene00227720,Bma-sma-2,Bm7459.1,42.3983,DNA-binding
ENSG00000120693,WBGene00225644,Bma-sma-3,Bm5383.1,45.3961,DNA-binding
ENSG00000101665,WBGene00225620,Bma-sma-4,Bm5359.1,18.0751,DNA-binding
ENSG00000188130,WBGene00226464,Bma-sma-5,Bm6203.1,31.8801,Kinase
ENSG00000106799,WBGene00222768,Bma-sma-6,Bm2507a.1,34.5168,Kinase
ENSG00000261740,WBGene00223091,Bma-smg-1,Bm2830b.1,20.0803,NA
ENSG00000134815,WBGene00226662,Bma-smgl-2,Bm6401.1,26.7717,RNA Helicase
ENSG00000121988,WBGene00222495,Bma-smrc-1,Bm2234b.1,15.3846,DNA-binding
ENSG00000011083,WBGene00226430,Bma-snf-1,Bm6169a.2,24.2138,Sodium-dependent Transporter
ENSG00000157103,WBGene00225778,Bma-snf-11,Bm5517a.1,49.7496,Sodium-dependent Transporter
ENSG00000157103,WBGene00226019,Bma-snf-3,Bm5758b.1,39.399,Sodium-dependent Transporter
ENSG00000268104,WBGene00225319,Bma-snf-6,Bm5058.1,31.9315,Sodium-dependent Transporter
ENSG00000060688,WBGene00223469,Bma-snrp-40.1,Bm3208.1,56.5826,NA
ENSG00000115904,WBGene00226342,Bma-sos-1,Bm6081.1,31.958,Guanine Nucleotide Exchange Factor
ENSG00000197694,WBGene00225233,Bma-spc-1,Bm4972.1,58.767,Actin-binding
ENSG00000161594,WBGene00269203,Bma-spe-26,Bm18063.1,25,Actin-binding
ENSG00000143801,WBGene00227748,Bma-spe-4,Bm7487a.2,20.0893,Proteinase
ENSG00000176170,WBGene00222822,Bma-sphk-1,Bm2561.1,24.0426,Kinase
ENSG00000087095,WBGene00222077,Bma-spk-1,Bm1816a.1,18.0266,Kinase
ENSG00000197632,WBGene00229641,Bma-srp-2,Bm9380.1,22.1687,Protease Inhibitor
ENSG00000213281,WBGene00222451,Bma-ssr-2,Bm2190a.1,26.9841,GTPase
ENSG00000115415,WBGene00226990,Bma-sta-1,Bm6729a.1,16.9333,DNA-binding
ENSG00000155304,WBGene00224610,Bma-stc-1,Bm4349.1,38.6412,Chaperone
ENSG00000006116,WBGene00222561,Bma-stg-1,Bm2300a.1,14.9206,Voltage-gated Calcium Channel
ENSG00000165283,WBGene00223966,Bma-stl-1,Bm3705.1,52.809,Structural
ENSG00000148175,WBGene00232650,Bma-sto-2,Bm12389a.1,60.4167,Structural
ENSG00000116218,WBGene00224267,Bma-sto-5,Bm4006a.1,26.6319,Structural
ENSG00000082146,WBGene00227003,Bma-strd-1,Bm6742.1,17.7034,Kinase
ENSG00000137845,WBGene00223337,Bma-sup-17,Bm3076.1,38.2353,Proteinase
ENSG00000160867,WBGene00226050,Bma-svh-2,Bm5789a.1,15.212,Receptor Tyrosine Kinase
ENSG00000135374,WBGene00222789,Bma-svh-5,Bm2528.1,23.0189,DNA-binding
ENSG00000077080,WBGene00234012,Bma-swsn-6,Bm13751.1,49.5305,Actin-binding
ENSG00000182362,WBGene00222159,Bma-swsn-9,Bm1898a.1,21.5569,Nuclease
ENSG00000122728,WBGene00231384,Bma-taf-1,Bm11123a.1,36.2541,NA
ENSG00000132259,WBGene00224134,Bma-tax-2,Bm3873.1,24.8696,Cyclic-Nucleotide Gated Channel
ENSG00000132259,WBGene00227604,Bma-tax-4,Bm7343.1,42.7826,Cyclic-Nucleotide Gated Channel
ENSG00000107758,WBGene00222178,Bma-tax-6,Bm1917a.1,69.7143,Phosphatase
ENSG00000176014,WBGene00230640,Bma-tba-5,Bm10379.1,40.8072,Beta-tubulin
ENSG00000258947,WBGene00227844,Bma-tba-8,Bm7583.1,41.1111,Beta-tubulin
ENSG00000188229,WBGene00233027,Bma-tbb-4,Bm12766.1,93.2584,NA
ENSG00000176014,WBGene00234103,Bma-tbg-1,Bm13842c.1,28.2511,Beta-tubulin
ENSG00000156535,WBGene00231732,Bma-tep-1,Bm11471c.1,30.2422,Protease Inhibitor
ENSG00000116985,WBGene00233036,Bma-tig-2,Bm12775.1,25.8706,Cytokine
ENSG00000105507,WBGene00227788,Bma-tnc-2,Bm7527.1,27.7457,Calcium-binding
ENSG00000182704,WBGene00222309,Bma-tol-1,Bm2048.1,27.762,Leucine-rich Repeat Protein
ENSG00000184428,WBGene00225303,Bma-top-1,Bm5042.1,57.0715,DNA Topoisomerase
ENSG00000154229,WBGene00231899,Bma-tpa-1,Bm11638.1,39.881,Kinase
ENSG00000129167,WBGene00227917,Bma-tph-1,Bm7656a.1,35.8108,Oxygenase
ENSG00000134900,WBGene00223762,Bma-tpp-2,Bm3501.1,36.8463,Proteinase
ENSG00000156925,WBGene00226855,Bma-tra-1,Bm6594a.1,18.8437,Zing-finger Containing Protein
ENSG00000133107,WBGene00225507,Bma-trp-2,Bm5246b.1,39.4094,TRP Channel
ENSG00000196367,WBGene00223071,Bma-trr-1,Bm2810b.1,28.3752,TRP Channel
ENSG00000146399,WBGene00223387,Bma-tyra-2,Bm3126.1,23.5988,GPCR
ENSG00000151577,WBGene00225348,Bma-tyra-3,Bm5087.1,19.5,GPCR
ENSG00000182179,WBGene00223079,Bma-uba-1,Bm2818b.1,37.253,Transferase
ENSG00000126261,WBGene00226377,Bma-uba-2,Bm6116.1,44.0625,Ligase
ENSG00000081307,WBGene00225767,Bma-uba-5,Bm5506.1,57.9208,Transferase
ENSG00000115760,WBGene00222051,Bma-ubc-17,Bm1790a.1,3.89129,NA
ENSG00000104517,WBGene00224124,Bma-ubr-5,Bm3863b.1,31.2254,Ubiquitin-ligase
ENSG00000159593,WBGene00222667,Bma-ula-1,Bm2406a.1,34.8231,Structural
ENSG00000116218,WBGene00225050,Bma-unc-1,Bm4789.1,30.8094,Structural
ENSG00000055118,WBGene00222745,Bma-unc-103,Bm2484a.1,33.3046,Voltage-Gated Potassium Channel
ENSG00000054523,WBGene00223161,Bma-unc-104,Bm2900b.1,42.7684,Kinesin
ENSG00000213199,WBGene00222950,Bma-unc-105,Bm2689c.1,21.1293,Channel
ENSG00000104388,WBGene00224578,Bma-unc-108,Bm4317a.1,87.7358,GTPase
ENSG00000170759,WBGene00255501,Bma-unc-116,Bm16923.1,55.3479,Kinesin
ENSG00000109103,WBGene00231639,Bma-unc-119,Bm11378a.1,52.9167,Structural
ENSG00000112658,WBGene00223283,Bma-unc-120,Bm3022a.1,22.0472,DNA-binding
ENSG00000125378,WBGene00224202,Bma-unc-129,Bm3941.1,21.0784,Cytokine
ENSG00000141837,WBGene00225754,Bma-unc-2,Bm5493c.1,38.6545,CaV Channels
ENSG00000067221,WBGene00224793,Bma-unc-24,Bm4532a.1,23.3668,Structural
ENSG00000078269,WBGene00224971,Bma-unc-26,Bm4710.1,27.5401,Phosphatase
ENSG00000115306,WBGene00225258,Bma-unc-70,Bm4997.1,29.4416,Actin-binding
ENSG00000073670,WBGene00226643,Bma-unc-71,Bm6382.1,26.528,Protease
ENSG00000168447,WBGene00225635,Bma-unc-8,Bm5374.1,20.9375,Channel
ENSG00000101557,WBGene00234180,Bma-usp-14,Bm13919.2,46.9636,Hydrolase
ENSG00000077254,WBGene00227288,Bma-usp-33,Bm7027.1,29.5117,Hydrolase
ENSG00000170236,WBGene00223969,Bma-usp-48,Bm3708.1,18.5629,Hydrolase
ENSG00000111667,WBGene00226295,Bma-usp-5,Bm6034a.1,28.3217,Hydrolase
ENSG00000184979,WBGene00234603,Bma-usp-50,Bm14342a.1,19.3548,Hydrolase
ENSG00000145242,WBGene00225332,Bma-vab-1,Bm5071.1,36.9942,Receptor Tyrosine Kinase
ENSG00000232125,WBGene00227900,Bma-vab-10,Bm7639a.1,10.8997,Structural
ENSG00000125337,WBGene00225283,Bma-vab-8,Bm5022a.1,17.7083,Kinesin
ENSG00000146409,WBGene00224655,Bma-vpat-1.1,Bm4394.1,24.7807,Transporter
ENSG00000146409,WBGene00231280,Bma-vpat-1.2,Bm11019.1,28.2895,Transporter
ENSG00000078142,WBGene00221946,Bma-vps-34,Bm1685b.1,40.4735,Kinase
ENSG00000118777,WBGene00223417,Bma-wht-4,Bm3156.1,28.0916,Transporter
ENSG00000118777,WBGene00226856,Bma-wht-8,Bm6595.1,26.5649,Transporter
ENSG00000139549,WBGene00227725,Bma-wrt-6,Bm7464b.1,16.9192,Calcium-binding
ENSG00000139549,WBGene00228144,Bma-wrt-9,Bm7883.1,9.09091,Calcium-binding
ENSG00000106299,WBGene00222312,Bma-wsp-1,Bm2051.1,29.901,Actin-binding
ENSG00000123124,WBGene00227236,Bma-wwp-1,Bm6975.1,43.4924,Ubiquitin-ligase
ENSG00000085224,WBGene00221963,Bma-xnp-1,Bm1702a.1,15.6902,DNA-binding
ENSG00000137807,WBGene00225344,Bma-zen-4,Bm5083.1,25,Kinesin
ENSG00000100425,WBGene00224640,Bma-zfp-1,Bm4379a.1,9.41968,Histone Acetyltransferase
ENSG00000137673,WBGene00224918,Bma-zmp-2,Bm4657a.1,24.3446,Matrix Metalloproteinase
ENSG00000137673,WBGene00226974,Bma-zmp-3.1,Bm6713.1,13.1086,Matrix Metalloproteinase
ENSG00000137673,WBGene00222755,Bma-zmp-3.2,Bm2494.1,33.3333,Matrix Metalloproteinase
ENSG00000110169,WBGene00226519,Bma-zmp-4,Bm6258a.1,8.00866,NA
ENSG00000133083,WBGene00227417,Bma-zyg-8,Bm7156.1,37.4324,Kinase
