external_gene_id,wbps_gene_id,brmalaprjna10729_gene,brmalaprjna10729_gene_name,brmalaprjna10729_homolog_ensembl_peptide,brmalaprjna10729_homolog_perc_id
RNF2,ENSG00000121481,WBGene00230274,Bm10013,Bm10013.2,34.5238
ABCA5,ENSG00000154265,WBGene00230295,Bm10034,Bm10034.1,3.10597
MICAL1,ENSG00000135596,WBGene00230321,Bm10060,Bm10060a.1,31.3076
BRDT,ENSG00000137948,WBGene00230380,Bm10119,Bm10119c.1,12.408
IRAK1,ENSG00000184216,WBGene00230382,Bm10121,Bm10121.1,6.17978
PIM2,ENSG00000102096,WBGene00230390,Bm10129,Bm10129.1,46.6238
CCNP,ENSG00000105219,WBGene00230536,Bm10275,Bm10275.1,17.5896
AQP3,ENSG00000165272,WBGene00230624,Bm10363,Bm10363a.1,35.6164
CARM1,ENSG00000142453,WBGene00230655,Bm10394,Bm10394a.1,41.6118
SIRT2,ENSG00000068903,WBGene00230714,Bm10453,Bm10453.1,42.1594
OXSR1,ENSG00000172939,WBGene00230716,Bm10455,Bm10455.1,25.6167
TRDMT1,ENSG00000107614,WBGene00230724,Bm10463,Bm10463.1,32.7366
"NAMPT",ENSG00000105835,WBGene00230745,Bm10484,Bm10484.1,53.7678
BIRC6,ENSG00000115760,WBGene00221312,Bm1051,Bm1051a.1,22.4418
TSSK3,ENSG00000162526,WBGene00230843,Bm10582,Bm10582.1,37.6866
CBR3,ENSG00000159231,WBGene00230947,Bm10686,Bm10686b.1,36.8231
PSEN2,ENSG00000143801,WBGene00230979,Bm10718,Bm10718.2,7.58929
SLC9A2,ENSG00000115616,WBGene00221335,Bm1074,Bm1074.1,29.3103
SLC9A9,ENSG00000181804,WBGene00231078,Bm10817,Bm10817.1,14.5736
SERPINB6,ENSG00000124570,WBGene00231117,Bm10856,Bm10856b.1,23.038
RSKR,ENSG00000167524,WBGene00231131,Bm10870,Bm10870.1,25.6098
CABP5,ENSG00000105507,WBGene00231155,Bm10894,Bm10894.2,21.9653
IFT27,ENSG00000100360,WBGene00231212,Bm10951,Bm10951.1,22.043
ABCB1,ENSG00000085563,WBGene00231570,Bm11309,Bm11309.1,36.4062
DYTN,ENSG00000232125,WBGene00231627,Bm11366,Bm11366b.1,13.4948
CDK10,ENSG00000185324,WBGene00231681,Bm11420,Bm11420.1,50.8333
SERPINB9,ENSG00000170542,WBGene00221412,Bm1151,Bm1151a.1,22.0745
KLHL10,ENSG00000161594,WBGene00231772,Bm11511,Bm11511.1,23.8487
TUBB3,ENSG00000258947,WBGene00231870,Bm11609,Bm11609.1,34.8889
HDAC8,ENSG00000147099,WBGene00231873,Bm11612,Bm11612.1,12.7321
SLC22A15,ENSG00000163393,WBGene00231974,Bm11713,Bm11713.1,20.841
RHOQ,ENSG00000119729,WBGene00232979,Bm12718,Bm12718.1,36.5854
CTSV,ENSG00000136943,WBGene00233058,Bm12797,Bm12797a.1,25.1497
CTSV,ENSG00000136943,WBGene00233059,Bm12798,Bm12798b.1,29.6407
CTSL,ENSG00000135047,WBGene00233060,Bm12799,Bm12799.1,26.7267
CTSL,ENSG00000135047,WBGene00233064,Bm12803,Bm12803.1,41.4414
SPTA1,ENSG00000163554,WBGene00233096,Bm12835,Bm12835.1,12.5258
ERCC6,ENSG00000225830,WBGene00233111,Bm12850,Bm12850.1,5.02344
USP37,ENSG00000135913,WBGene00233153,Bm12892,Bm12892a.1,18.1818
ERCC6,ENSG00000225830,WBGene00233183,Bm12922,Bm12922a.1,29.4039
H2AJ,ENSG00000246705,WBGene00233212,Bm12951,Bm12951.1,50.3876
GNRHR,ENSG00000109163,WBGene00233668,Bm13407,Bm13407.1,20.4268
HSP90AB1,ENSG00000096384,WBGene00233914,Bm13653,Bm13653.1,76.3812
RAB6A,ENSG00000175582,WBGene00233921,Bm13660,Bm13660.1,78.3654
HSPA5,ENSG00000044574,WBGene00233922,Bm13661,Bm13661.1,78.7462
EIF2AK3,ENSG00000172071,WBGene00233972,Bm13711,Bm13711a.1,10.4839
DHX35,ENSG00000101452,WBGene00234045,Bm13784,Bm13784.1,51.9203
POLD1,ENSG00000062822,WBGene00234057,Bm13796,Bm13796.1,45.5428
RNPEP,ENSG00000176393,WBGene00234063,Bm13802,Bm13802.1,20.3077
QRSL1,ENSG00000130348,WBGene00234082,Bm13821,Bm13821a.1,38.2576
HDAC1,ENSG00000116478,WBGene00234094,Bm13833,Bm13833b.1,60.3734
OXSM,ENSG00000151093,WBGene00234106,Bm13845,Bm13845a.1,37.9085
FDXR,ENSG00000161513,WBGene00234178,Bm13917,Bm13917.1,29.4007
TRPV5,ENSG00000127412,WBGene00234359,Bm14098,Bm14098.1,8.5048
ASIC2,ENSG00000108684,WBGene00234520,Bm14259,Bm14259.1,6.92718
ZRANB3,ENSG00000121988,WBGene00234950,Bm14765,Bm14765.1,12.5116
DHRS1,ENSG00000157379,WBGene00235131,Bm14824,Bm14824a.1,45.0479
CTSF,ENSG00000174080,WBGene00221836,Bm1575,Bm1575.1,34.2975
ENPP4,ENSG00000001561,WBGene00221854,Bm1593,Bm1593.1,26.4901
APOH,ENSG00000091583,WBGene00221860,Bm1599,Bm1599.1,20.2899
PDIA5,ENSG00000065485,WBGene00255533,Bm16931,Bm16931.1,39.499
MAPK12,ENSG00000188130,WBGene00255727,Bm17069,Bm17069a.1,22.8883
DCX,ENSG00000077279,WBGene00220433,Bm172,Bm172a.1,6.01093
HADHB,ENSG00000138029,WBGene00222006,Bm1745,Bm1745a.1,56.962
TSSK6,ENSG00000178093,WBGene00268659,Bm17516,Bm17516.1,16.1172
CDK4,ENSG00000135446,WBGene00268662,Bm17519,Bm17519.1,26.7327
HSPA8,ENSG00000109971,WBGene00268665,Bm17522,Bm17522.1,1.23839
CETN2,ENSG00000147400,WBGene00268712,Bm17569,Bm17569.1,35.4651
RGS21,ENSG00000253148,WBGene00268808,Bm17666,Bm17666.1,36.8421
PHKG2,ENSG00000156873,WBGene00268976,Bm17834,Bm17834.1,14.7783
PPM1G,ENSG00000115241,WBGene00269133,Bm17991,Bm17991.1,14.652
SERPINB6,ENSG00000124570,WBGene00269191,Bm18051,Bm18051.1,28.8608
SERPINB9,ENSG00000170542,WBGene00269192,Bm18052,Bm18052.1,30.3191
HSD17B3,ENSG00000130948,WBGene00269250,Bm18110,Bm18110a.1,27.7419
USP18,ENSG00000184979,WBGene00269267,Bm18127,Bm18127.1,18.0108
ERCC6,ENSG00000225830,WBGene00269322,Bm18182,Bm18182.1,4.95646
MAPK13,ENSG00000156711,WBGene00269327,Bm18187,Bm18187.1,23.0137
USP47,ENSG00000170242,WBGene00269348,Bm18201,Bm18201.1,24
RBKS,ENSG00000171174,WBGene00269350,Bm18203,Bm18203.2,32.9193
CNTN6,ENSG00000134115,WBGene00269356,Bm18207,Bm18207.1,6.32296
SLC2A13,ENSG00000151229,WBGene00303178,Bm18563,Bm18563b.1,25.7716
ATP13A4,ENSG00000127249,WBGene00303386,Bm18572,Bm18572.1,34.2809
ENPP4,ENSG00000001561,WBGene00222128,Bm1867,Bm1867a.1,26.0486
AQP3,ENSG00000165272,WBGene00222146,Bm1885,Bm1885.1,36.6438
IRAK2,ENSG00000134070,WBGene00222160,Bm1899,Bm1899.1,8.32
ACOX2,ENSG00000168306,WBGene00222174,Bm1913,Bm1913.1,8.37004
SERPINB9,ENSG00000170542,WBGene00222199,Bm1938,Bm1938.1,30.3191
MAPK7,ENSG00000166484,WBGene00222218,Bm1957,Bm1957.1,20.098
SERPINB6,ENSG00000124570,WBGene00222249,Bm1988,Bm1988a.1,28.8608
SPATA5L1,ENSG00000171763,WBGene00222255,Bm1994,Bm1994.1,30.6773
HSD17B3,ENSG00000130948,WBGene00222265,Bm2004,Bm2004.1,32.2581
SLC22A4,ENSG00000197208,WBGene00222295,Bm2034,Bm2034c.1,21.0526
RAC3,ENSG00000169750,WBGene00222376,Bm2115,Bm2115a.1,84.375
SLC16A13,ENSG00000174327,WBGene00222395,Bm2134,Bm2134b.1,28.169
RDH5,ENSG00000135437,WBGene00222396,Bm2135,Bm2135.1,35.5346
GPX1,ENSG00000233276,WBGene00222412,Bm2151,Bm2151a.1,36.9458
ASIC3,ENSG00000213199,WBGene00222413,Bm2152,Bm2152.1,14.7541
CABP5,ENSG00000105507,WBGene00222432,Bm2171,Bm2171a.1,35.8382
PDIA2,ENSG00000185615,WBGene00222458,Bm2197,Bm2197.1,27.619
ACADL,ENSG00000115361,WBGene00222521,Bm2260,Bm2260a.1,25.5814
HSDL2,ENSG00000119471,WBGene00222538,Bm2277,Bm2277.1,46.1722
ABHD4,ENSG00000100439,WBGene00222621,Bm2360,Bm2360b.1,42.9825
VCAM1,ENSG00000162692,WBGene00222637,Bm2376,Bm2376a.1,11.6373
SETD1B,ENSG00000139718,WBGene00222668,Bm2407,Bm2407.1,4.73042
ENPP4,ENSG00000001561,WBGene00222680,Bm2419,Bm2419.1,27.1523
CATSPER3,ENSG00000152705,WBGene00222695,Bm2434,Bm2434.1,19.8492
CTSL,ENSG00000135047,WBGene00222766,Bm2505,Bm2505.1,22.5225
TAP1,ENSG00000168394,WBGene00222855,Bm2594,Bm2594.1,17.5743
ADAM32,ENSG00000197140,WBGene00222858,Bm2597,Bm2597.1,9.65693
SETD2,ENSG00000181555,WBGene00222977,Bm2716,Bm2716.1,11.1154
TNKS,ENSG00000173273,WBGene00222993,Bm2732,Bm2732.1,42.954
TUBA4B,ENSG00000243910,WBGene00223009,Bm2748,Bm2748.1,70.9544
ANKRD22,ENSG00000152766,WBGene00223035,Bm2774,Bm2774a.1,19.8953
ABCA6,ENSG00000154262,WBGene00223089,Bm2828,Bm2828.2,22.2635
H2AX,ENSG00000188486,WBGene00223138,Bm2877,Bm2877.1,75.5245
NUDT14,ENSG00000183828,WBGene00223140,Bm2879,Bm2879.1,30.6306
SLC9A2,ENSG00000115616,WBGene00223196,Bm2935,Bm2935a.1,27.8325
ABCG5,ENSG00000138075,WBGene00223239,Bm2978,Bm2978a.1,19.5084
KDM6A,ENSG00000147050,WBGene00223297,Bm3036,Bm3036.1,30.1213
CETN2,ENSG00000147400,WBGene00223352,Bm3091,Bm3091.1,29.6512
SMAD3,ENSG00000166949,WBGene00223401,Bm3140,Bm3140.1,60.2353
USP50,ENSG00000170236,WBGene00223424,Bm3163,Bm3163a.1,23.0539
ARFGAP3,ENSG00000242247,WBGene00223433,Bm3172,Bm3172a.2,34.8837
SLC22A15,ENSG00000163393,WBGene00223626,Bm3365,Bm3365.1,19.0128
NPHS2,ENSG00000116218,WBGene00223628,Bm3367,Bm3367.1,33.4204
AVPR2,ENSG00000126895,WBGene00223633,Bm3372,Bm3372.1,19.407
KCNC1,ENSG00000129159,WBGene00223636,Bm3375,Bm3375.1,31.7949
STK3,ENSG00000104375,WBGene00223639,Bm3378,Bm3378b.1,46.8208
CDC25C,ENSG00000158402,WBGene00223667,Bm3406,Bm3406.1,14.5877
SERPINB9,ENSG00000170542,WBGene00223728,Bm3467,Bm3467a.1,30.3191
ADAP2,ENSG00000184060,WBGene00223809,Bm3548,Bm3548.1,10.8527
TINAGL1,ENSG00000142910,WBGene00223879,Bm3618,Bm3618.1,41.7559
HELLS,ENSG00000119969,WBGene00223894,Bm3633,Bm3633b.1,24.8869
ERAS,ENSG00000187682,WBGene00224006,Bm3745,Bm3745a.1,23.176
GMPR,ENSG00000137198,WBGene00224020,Bm3759,Bm3759.1,64.9275
FASN,ENSG00000169710,WBGene00224039,Bm3778,Bm3778a.1,43.4887
SSTR5,ENSG00000162009,WBGene00224130,Bm3869,Bm3869b.1,15.6593
SMAD7,ENSG00000101665,WBGene00224160,Bm3899,Bm3899a.1,15.0235
USP22,ENSG00000124422,WBGene00224174,Bm3913,Bm3913a.1,45.1429
DHH,ENSG00000139549,WBGene00224181,Bm3920,Bm3920.1,7.57576
CTSL,ENSG00000135047,WBGene00224257,Bm3996,Bm3996.1,35.1351
ACTRT2,ENSG00000169717,WBGene00224286,Bm4025,Bm4025.1,23.0769
MAP2K4,ENSG00000065559,WBGene00224300,Bm4039,Bm4039a.1,41.2195
EIF2AK2,ENSG00000055332,WBGene00224397,Bm4136,Bm4136a.1,17.4229
TBL2,ENSG00000106638,WBGene00224401,Bm4140,Bm4140.1,34.0045
LIN28A,ENSG00000131914,WBGene00224416,Bm4155,Bm4155.1,16.2679
PRKX,ENSG00000183943,WBGene00224445,Bm4184,Bm4184.1,43.2961
NIM1K,ENSG00000177453,WBGene00224477,Bm4216,Bm4216.1,39.2202
DHX32,ENSG00000089876,WBGene00224504,Bm4243,Bm4243.1,23.5532
AGK,ENSG00000006530,WBGene00224508,Bm4247,Bm4247.1,17.5355
DHH,ENSG00000139549,WBGene00224525,Bm4264,Bm4264.1,8.33333
RAB11B,ENSG00000185236,WBGene00224582,Bm4321,Bm4321.1,82.1101
NR2F2,ENSG00000185551,WBGene00224690,Bm4429,Bm4429.1,52.657
PRKAB2,ENSG00000131791,WBGene00224695,Bm4434,Bm4434a.1,40.4412
ANO6,ENSG00000177119,WBGene00224711,Bm4450,Bm4450a.1,35.4458
DUOX2,ENSG00000140279,WBGene00224727,Bm4466,Bm4466.1,28.553
NR2E3,ENSG00000278570,WBGene00224746,Bm4485,Bm4485b.1,43.4146
ABCB10,ENSG00000135776,WBGene00224767,Bm4506,Bm4506.1,26.6938
CFTR,ENSG00000001626,WBGene00224789,Bm4528,Bm4528a.1,24.0541
USP7,ENSG00000187555,WBGene00224920,Bm4659,Bm4659a.1,37.8403
MMP7,ENSG00000137673,WBGene00224951,Bm4690,Bm4690a.1,30.3371
ARFGAP1,ENSG00000101199,WBGene00225014,Bm4753,Bm4753a.1,35.2657
USP18,ENSG00000184979,WBGene00225015,Bm4754,Bm4754.1,14.7849
AL358472.6,ENSG00000285641,WBGene00225022,Bm4761,Bm4761a.1,41.8719
WDR5,ENSG00000196363,WBGene00225081,Bm4820,Bm4820a.1,75.4491
CDC25C,ENSG00000158402,WBGene00225100,Bm4839,Bm4839b.1,15.4334
MAP2K7,ENSG00000076984,WBGene00225156,Bm4895,Bm4895a.1,41.8391
ABHD14B,ENSG00000114779,WBGene00225166,Bm4905,Bm4905a.1,12.8571
SLC2A1,ENSG00000117394,WBGene00225199,Bm4938,Bm4938.1,15.8537
SLC22A3,ENSG00000146477,WBGene00225219,Bm4958,Bm4958a.1,23.2014
GAPDH,ENSG00000111640,WBGene00225232,Bm4971,Bm4971c.1,74.6269
TMX1,ENSG00000139921,WBGene00225271,Bm5010,Bm5010b.1,13.9286
CENPE,ENSG00000138778,WBGene00225308,Bm5047,Bm5047.2,8.07108
SLC2A13,ENSG00000151229,WBGene00225314,Bm5053,Bm5053.1,34.8765
SLC16A13,ENSG00000174327,WBGene00225338,Bm5077,Bm5077.1,24.4131
SMARCAD1,ENSG00000163104,WBGene00225343,Bm5082,Bm5082a.1,27.9183
ACTB,ENSG00000075624,WBGene00225347,Bm5086,Bm5086.1,96.8
TMX1,ENSG00000139921,WBGene00225476,Bm5215,Bm5215.1,11.4286
ABHD11,ENSG00000106077,WBGene00225480,Bm5219,Bm5219.1,31.746
DHRS4,ENSG00000157326,WBGene00225482,Bm5221,Bm5221a.1,28.4173
RASGEF1B,ENSG00000138670,WBGene00225495,Bm5234,Bm5234b.1,30.6554
GPX7,ENSG00000116157,WBGene00225498,Bm5237,Bm5237b.1,32.0856
KAT8,ENSG00000103510,WBGene00225527,Bm5266,Bm5266b.1,41.1135
FGFR4,ENSG00000160867,WBGene00225575,Bm5314,Bm5314b.1,17.581
LIPF,ENSG00000182333,WBGene00225617,Bm5356,Bm5356.1,33.8235
PDPK1,ENSG00000140992,WBGene00225643,Bm5382,Bm5382.1,23.0216
KDM1B,ENSG00000165097,WBGene00225646,Bm5385,Bm5385a.1,41.5254
TEK,ENSG00000120156,WBGene00225692,Bm5431,Bm5431a.1,14.7687
SLC22A6,ENSG00000197901,WBGene00225721,Bm5460,Bm5460a.1,17.4067
ENPP6,ENSG00000164303,WBGene00225782,Bm5521,Bm5521.1,23.8636
ALDH3A1,ENSG00000108602,WBGene00225860,Bm5599,Bm5599.2,44.5916
ATR,ENSG00000175054,WBGene00225879,Bm5618,Bm5618.1,18.0787
TRPV2,ENSG00000187688,WBGene00225952,Bm5691,Bm5691b.1,22.1204
CALML4,ENSG00000129007,WBGene00225954,Bm5693,Bm5693.1,25.5102
GAPDH,ENSG00000111640,WBGene00225960,Bm5699,Bm5699.1,74.6269
ANPEP,ENSG00000166825,WBGene00226013,Bm5752,Bm5752b.1,23.9917
NEO1,ENSG00000067141,WBGene00226094,Bm5833,Bm5833.1,26.1465
MMP7,ENSG00000137673,WBGene00226152,Bm5891,Bm5891.1,20.2247
SLC22A15,ENSG00000163393,WBGene00220320,Bm59,Bm59.1,19.9269
HYOU1,ENSG00000149428,WBGene00226253,Bm5992,Bm5992.1,31.8318
DHRS7B,ENSG00000109016,WBGene00226276,Bm6015,Bm6015.1,33.8462
ASIC5,ENSG00000256394,WBGene00226332,Bm6071,Bm6071.1,17.0297
ASIC3,ENSG00000213199,WBGene00226336,Bm6075,Bm6075b.1,17.122
SCD5,ENSG00000145284,WBGene00226351,Bm6090,Bm6090.1,45.1515
TSSK6,ENSG00000178093,WBGene00226390,Bm6129,Bm6129b.1,36.63
FGFR3,ENSG00000068078,WBGene00226412,Bm6151,Bm6151a.1,12.8713
PAFAH2,ENSG00000158006,WBGene00226433,Bm6172,Bm6172a.1,31.6327
PLA2G6,ENSG00000184381,WBGene00226482,Bm6221,Bm6221a.1,25.4342
ATP13A4,ENSG00000127249,WBGene00226495,Bm6234,Bm6234.1,34.3645
PRKD2,ENSG00000105287,WBGene00226510,Bm6249,Bm6249.1,35.6492
INPP5F,ENSG00000198825,WBGene00226512,Bm6251,Bm6251.1,20.1413
ACAP1,ENSG00000072818,WBGene00226515,Bm6254,Bm6254a.1,9.18919
AC006486.1,ENSG00000268643,WBGene00226573,Bm6312,Bm6312.1,72.4551
RAPGEF1,ENSG00000107263,WBGene00226622,Bm6361,Bm6361a.1,23.105
KDM1A,ENSG00000004487,WBGene00226761,Bm6500,Bm6500a.1,7.6484
SLC6A20,ENSG00000163817,WBGene00226795,Bm6534,Bm6534.1,40.8784
SUV39H2,ENSG00000152455,WBGene00226798,Bm6537,Bm6537a.1,23.6585
DHRS4,ENSG00000157326,WBGene00226886,Bm6625,Bm6625.1,26.259
PHKG2,ENSG00000156873,WBGene00226969,Bm6708,Bm6708.1,39.4089
SLC22A15,ENSG00000163393,WBGene00226979,Bm6718,Bm6718.1,19.5612
AL603832.3,ENSG00000271810,WBGene00226988,Bm6727,Bm6727.1,38.3764
NKIRAS2,ENSG00000168256,WBGene00226999,Bm6738,Bm6738a.1,23.0366
PKMYT1,ENSG00000127564,WBGene00227008,Bm6747,Bm6747b.1,25.6513
FAAH2,ENSG00000165591,WBGene00227020,Bm6759,Bm6759.1,36.2782
MOGAT1,ENSG00000124003,WBGene00227034,Bm6773,Bm6773.1,32.8358
ARFRP1,ENSG00000101246,WBGene00227062,Bm6801,Bm6801b.1,43.7811
CNTN2,ENSG00000184144,WBGene00227085,Bm6824,Bm6824b.1,16.6346
ASIC1,ENSG00000110881,WBGene00227179,Bm6918,Bm6918.1,11.8467
SLC16A13,ENSG00000174327,WBGene00227193,Bm6932,Bm6932.1,15.493
SLC2A1,ENSG00000117394,WBGene00227206,Bm6945,Bm6945.1,21.5447
CTSV,ENSG00000136943,WBGene00227231,Bm6970,Bm6970.1,19.1617
LVRN,ENSG00000172901,WBGene00227266,Bm7005,Bm7005.1,19.2929
PARP1,ENSG00000143799,WBGene00227298,Bm7037,Bm7037a.1,36.3905
PLK1,ENSG00000166851,WBGene00227307,Bm7046,Bm7046.1,55.8872
PI4KA,ENSG00000241973,WBGene00227402,Bm7141,Bm7141.1,32.1598
CNGA4,ENSG00000132259,WBGene00227409,Bm7148,Bm7148.1,25.5652
SLC22A8,ENSG00000149452,WBGene00227428,Bm7167,Bm7167.1,27.8598
SMURF1,ENSG00000198742,WBGene00227444,Bm7183,Bm7183.1,33.4214
BHLHE23,ENSG00000125533,WBGene00227489,Bm7228,Bm7228a.1,20.332
TMEM256,ENSG00000205544,WBGene00227526,Bm7265,Bm7265.1,25.6637
USP50,ENSG00000170236,WBGene00227527,Bm7266,Bm7266.1,18.8623
CDK14,ENSG00000058091,WBGene00227613,Bm7352,Bm7352.1,42.0043
SLC18A3,ENSG00000187714,WBGene00227647,Bm7386,Bm7386.1,43.985
FEV,ENSG00000163497,WBGene00220335,Bm74,Bm74.1,26.0504
LIPK,ENSG00000204021,WBGene00227676,Bm7415,Bm7415a.1,35.8396
CTSV,ENSG00000136943,WBGene00221009,Bm748,Bm748.1,26.9461
TSSK6,ENSG00000178093,WBGene00227751,Bm7490,Bm7490b.1,32.6007
PDIA2,ENSG00000185615,WBGene00227863,Bm7602,Bm7602.1,14.0952
H2AX,ENSG00000188486,WBGene00227911,Bm7650,Bm7650.1,76.9231
HSD17B11,ENSG00000198189,WBGene00227987,Bm7726,Bm7726.1,24.6667
MBTPS1,ENSG00000140943,WBGene00228121,Bm7860,Bm7860.1,40.9696
TRIP12,ENSG00000153827,WBGene00228162,Bm7901,Bm7901.1,27.5
SHPRH,ENSG00000146414,WBGene00228265,Bm8004,Bm8004.1,16.2805
KHK,ENSG00000138030,WBGene00228324,Bm8063,Bm8063.1,35.5705
ECEL1,ENSG00000171551,WBGene00228352,Bm8091,Bm8091.1,24.3871
SMURF1,ENSG00000198742,WBGene00228380,Bm8119,Bm8119.1,15.4557
ASAP2,ENSG00000151693,WBGene00228415,Bm8154,Bm8154.1,22.7634
CTSV,ENSG00000136943,WBGene00228433,Bm8172,Bm8172b.1,28.7425
CTSV,ENSG00000136943,WBGene00228468,Bm8207,Bm8207.1,23.9521
SMTNL2,ENSG00000188176,WBGene00228525,Bm8264,Bm8264.1,13.0152
CYP4V2,ENSG00000145476,WBGene00228526,Bm8265,Bm8265.1,28
TRPV2,ENSG00000187688,WBGene00228555,Bm8294,Bm8294.1,13.3508
TUBB4A,ENSG00000104833,WBGene00228567,Bm8306,Bm8306.1,41.6667
SKIL,ENSG00000136603,WBGene00228657,Bm8396,Bm8396.1,14.6199
TGM2,ENSG00000198959,WBGene00228666,Bm8405,Bm8405.1,20.6696
SERPINB9,ENSG00000170542,WBGene00228707,Bm8446,Bm8446.1,31.117
ACTB,ENSG00000075624,WBGene00228785,Bm8524,Bm8524.1,96.8
SERPINB9,ENSG00000170542,WBGene00228871,Bm8610,Bm8610.1,30.3191
SERPINB9,ENSG00000170542,WBGene00228872,Bm8611,Bm8611.1,28.4574
SERPINB9,ENSG00000170542,WBGene00228875,Bm8614,Bm8614.1,26.5957
TSSK3,ENSG00000162526,WBGene00228892,Bm8631,Bm8631.1,26.1194
KCNG3,ENSG00000171126,WBGene00228905,Bm8644,Bm8644a.1,28.4404
ARF4,ENSG00000168374,WBGene00228937,Bm8676,Bm8676.1,29.4444
STK16,ENSG00000115661,WBGene00228939,Bm8678,Bm8678.1,33.4426
DCLK3,ENSG00000163673,WBGene00228964,Bm8703,Bm8703a.1,11.5741
ARAF,ENSG00000078061,WBGene00229041,Bm8780,Bm8780.1,10.509
TUBB3,ENSG00000258947,WBGene00229106,Bm8845,Bm8845a.1,38.6667
P4HB,ENSG00000185624,WBGene00229195,Bm8934,Bm8934.1,21.4567
IKBKB,ENSG00000104365,WBGene00229326,Bm9065,Bm9065.1,15.3439
SCD5,ENSG00000145284,WBGene00229376,Bm9115,Bm9115.1,45.1515
ACTB,ENSG00000075624,WBGene00229498,Bm9237,Bm9237.1,96.8
ACTB,ENSG00000075624,WBGene00229499,Bm9238,Bm9238.1,97.0667
MMP7,ENSG00000137673,WBGene00229513,Bm9252,Bm9252.1,22.0974
MAPKBP1,ENSG00000137802,WBGene00229526,Bm9265,Bm9265.1,20.0132
USP50,ENSG00000170236,WBGene00229555,Bm9294,Bm9294a.1,17.9641
MAP3K20,ENSG00000091436,WBGene00229558,Bm9297,Bm9297.1,7.625
MAPK14,ENSG00000112062,WBGene00229611,Bm9350,Bm9350.1,39.7222
TSSK3,ENSG00000162526,WBGene00229638,Bm9377,Bm9377a.1,38.4328
CHD1L,ENSG00000131778,WBGene00229702,Bm9441,Bm9441.1,35.8974
KDM1A,ENSG00000004487,WBGene00229708,Bm9447,Bm9447.1,15.2968
ENPP4,ENSG00000001561,WBGene00229736,Bm9475,Bm9475b.1,26.2693
CTSL,ENSG00000135047,WBGene00221212,Bm951,Bm951.1,20.7207
SLC2A13,ENSG00000151229,WBGene00229791,Bm9530,Bm9530a.1,31.0185
USP45,ENSG00000123552,WBGene00229828,Bm9567,Bm9567.1,23.8329
TUBB3,ENSG00000258947,WBGene00229959,Bm9698,Bm9698.1,83.1111
USP50,ENSG00000170236,WBGene00229980,Bm9719,Bm9719a.1,16.4671
H2AX,ENSG00000188486,WBGene00230023,Bm9762,Bm9762.1,78.3217
PSKH1,ENSG00000159792,WBGene00230030,Bm9769,Bm9769.1,37.5
PAPPA,ENSG00000182752,WBGene00230045,Bm9784,Bm9784.1,9.21942
CTSL,ENSG00000135047,WBGene00230096,Bm9835,Bm9835.1,24.3243
PCGF2,ENSG00000277258,WBGene00230143,Bm9882,Bm9882.1,22.093
PPP2CA,ENSG00000113575,WBGene00230160,Bm9899,Bm9899.1,84.466
CTSV,ENSG00000136943,WBGene00220360,Bm99,Bm99.1,26.0479
COP1,ENSG00000143207,WBGene00230167,Bm9906,Bm9906.1,35.0205
STYK1,ENSG00000060140,WBGene00230174,Bm9913,Bm9913.1,13.981
SLC22A15,ENSG00000163393,WBGene00230205,Bm9944,Bm9944a.1,19.3784
TSSK6,ENSG00000178093,WBGene00225726,Bma-aak-2,Bm5465a.1,32.967
PRKAG1,ENSG00000181929,WBGene00227548,Bma-aakg-1,Bm7287.1,50.5882
PIK3R3,ENSG00000117461,WBGene00227541,Bma-aap-1,Bm7280.1,23.2104
ABCG2,ENSG00000118777,WBGene00223238,Bma-abcx-1,Bm2977c.1,14.1985
ABHD14A,ENSG00000248487,WBGene00227117,Bma-abhd-14,Bm6856.1,23.9852
ABL1,ENSG00000097007,WBGene00225385,Bma-abl-1,Bm5124d.1,33.9426
ABCA5,ENSG00000154265,WBGene00223580,Bma-abt-2,Bm3319.1,23.0207
ABCA5,ENSG00000154265,WBGene00230296,Bma-abt-4,Bm10035.1,18.6358
ABCB7,ENSG00000131269,WBGene00227389,Bma-abtm-1,Bm7128.1,45.2855
ACADVL,ENSG00000072778,WBGene00223373,Bma-acdh-12,Bm3112.1,38.4956
ACAD9,ENSG00000177646,WBGene00222708,Bma-acdh-13,Bm2447b.1,19.8068
ACOX1,ENSG00000161533,WBGene00226275,Bma-acdh-7,Bm6014.1,9.09091
TG,ENSG00000042832,WBGene00227865,Bma-ace-1,Bm7604a.1,5.4552
BCHE,ENSG00000114200,WBGene00228788,Bma-ace-2,Bm8527.1,32.0598
ACOX1,ENSG00000161533,WBGene00224862,Bma-acox-1.6,Bm4601.1,42.8788
ACOX3,ENSG00000087008,WBGene00224817,Bma-acox-3,Bm4556.1,31.1429
ADCY9,ENSG00000162104,WBGene00223675,Bma-acy-1,Bm3414a.1,32.816
ADA,ENSG00000196839,WBGene00222284,Bma-adah-1,Bm2023.1,39.3939
ADAL,ENSG00000168803,WBGene00223003,Bma-adal-1.1,Bm2742.1,32.6761
ADK,ENSG00000156110,WBGene00234253,Bma-adk-1,Bm13992.1,42.2652
ADAM9,ENSG00000168615,WBGene00222205,Bma-adm-2,Bm1944b.1,27.7167
ADAM17,ENSG00000151694,WBGene00227691,Bma-adm-4,Bm7430.1,27.6699
PCSK4,ENSG00000115257,WBGene00233246,Bma-aex-5,Bm12985.1,31.7881
RAB27A,ENSG00000069974,WBGene00228573,Bma-aex-6,Bm8312.1,57.0136
PIK3CA,ENSG00000121879,WBGene00222018,Bma-age-1,Bm1757.1,34.176
GBF1,ENSG00000107862,WBGene00232354,Bma-agef-1,Bm12093a.1,13.0178
PDCD6-AHRR,ENSG00000286169,WBGene00231700,Bma-ahr-1,Bm11439.1,18.0775
AURKA,ENSG00000087586,WBGene00228302,Bma-air-1.1,Bm8041a.1,38.2134
AURKA,ENSG00000087586,WBGene00229154,Bma-air-1.2,Bm8893.1,40.4467
AURKB,ENSG00000178999,WBGene00221969,Bma-air-2,Bm1708a.1,56.2319
PRKCQ,ENSG00000065675,WBGene00222422,Bma-akt-1,Bm2161c.1,26.7705
ALDH9A1,ENSG00000143149,WBGene00224296,Bma-alh-11,Bm4035a.1,41.5058
ALDH4A1,ENSG00000159423,WBGene00224741,Bma-alh-6,Bm4480a.1,51.5098
ALDH5A1,ENSG00000112294,WBGene00224385,Bma-alh-7,Bm4124.1,41.7883
ANPEP,ENSG00000166825,WBGene00225915,Bma-anp-1,Bm5654b.1,29.6794
SAE1,ENSG00000142230,WBGene00234191,Bma-aos-1,Bm13930a.1,34.6821
APH1B,ENSG00000138613,WBGene00226349,Bma-aph-1,Bm6088b.1,30.7393
APP,ENSG00000142192,WBGene00222974,Bma-apl-1,Bm2713.1,23.8961
AQP9,ENSG00000103569,WBGene00224000,Bma-aqp-1,Bm3739.1,33.5593
AQP9,ENSG00000103569,WBGene00221117,Bma-aqp-3,Bm856.1,32.5424
AQP3,ENSG00000165272,WBGene00225330,Bma-aqp-7,Bm5069a.1,32.5342
TRIM23,ENSG00000113595,WBGene00227928,Bma-arc-1,Bm7667.1,36.7596
HSD17B10,ENSG00000072506,WBGene00223398,Bma-ard-1.1,Bm3137.1,49.0421
HSD17B10,ENSG00000072506,WBGene00223492,Bma-ard-1.2,Bm3231.1,36.7816
AC073610.2,ENSG00000272822,WBGene00224363,Bma-arf-1.2,Bm4102.1,60.4762
ARF5,ENSG00000004059,WBGene00224792,Bma-arf-3,Bm4531.1,85.5556
ARF6,ENSG00000165527,WBGene00227569,Bma-arf-6,Bm7308.1,90.2857
ARL1,ENSG00000120805,WBGene00224615,Bma-arl-1,Bm4354.2,74.5856
ARL3,ENSG00000138175,WBGene00231240,Bma-arl-3,Bm10979.1,73.6264
ARL6,ENSG00000113966,WBGene00222925,Bma-arl-6,Bm2664.1,48.9247
ARL8B,ENSG00000134108,WBGene00227170,Bma-arl-8,Bm6909.1,84.4086
ACTR1B,ENSG00000115073,WBGene00227021,Bma-arp-1,Bm6760.1,73.9362
ACTR10,ENSG00000131966,WBGene00230501,Bma-arp-11,Bm10240b.1,32.3741
ACTR6,ENSG00000075089,WBGene00222329,Bma-arp-6,Bm2068a.1,44.9495
ACTR3,ENSG00000115091,WBGene00227297,Bma-arx-1,Bm7036.1,77.0335
ACTR2,ENSG00000138071,WBGene00225128,Bma-arx-2,Bm4867.1,75.188
ERG,ENSG00000157554,WBGene00225944,Bma-ast-1,Bm5683b.1,23.8683
ATG7,ENSG00000197548,WBGene00225371,Bma-atg-7,Bm5110.1,38.5491
LYPLA1,ENSG00000120992,WBGene00225072,Bma-ath-1,Bm4811.1,49.1304
BAZ1A,ENSG00000198604,WBGene00224922,Bma-athp-2,Bm4661.1,8.74036
ACTN1,ENSG00000072110,WBGene00226441,Bma-atn-1,Bm6180a.1,59.7374
CTNNB1,ENSG00000168036,WBGene00223189,Bma-bar-1.1,Bm2928a.1,23.5595
CTNNB1,ENSG00000168036,WBGene00228359,Bma-bar-1.2,Bm8098a.1,18.822
BAZ2B,ENSG00000123636,WBGene00223903,Bma-baz-2,Bm3642a.1,15.1753
TUBB3,ENSG00000258947,WBGene00224994,Bma-ben-1,Bm4733.2,86
FURIN,ENSG00000140564,WBGene00225067,Bma-bli-4,Bm4806b.1,36.5239
KIF11,ENSG00000138160,WBGene00223799,Bma-bmk-1,Bm3538.1,25.1894
IQSEC1,ENSG00000144711,WBGene00225327,Bma-bris-1,Bm5066.1,20.377
BTAF1,ENSG00000095564,WBGene00223655,Bma-btf-1,Bm3394.1,23.3099
CA10,ENSG00000154975,WBGene00224628,Bma-cah-1,Bm4367.1,32.3171
CA10,ENSG00000154975,WBGene00223268,Bma-cah-2,Bm3007a.1,34.756100000000004
CA1,ENSG00000133742,WBGene00225092,Bma-cah-3,Bm4831a.1,32.5671
CA1,ENSG00000133742,WBGene00225425,Bma-cah-4.2,Bm5164.1,28.3525
CA1,ENSG00000133742,WBGene00225705,Bma-cah-5,Bm5444.1,29.8851
CA1,ENSG00000133742,WBGene00226333,Bma-cah-6,Bm6072.1,28.3525
CALML6,ENSG00000169885,WBGene00268704,Bma-cal-2,Bm17561.1,34.2541
CETN2,ENSG00000147400,WBGene00225920,Bma-cal-4,Bm5659a.1,34.8837
CABP5,ENSG00000105507,WBGene00222607,Bma-cal-5,Bm2346a.1,30.6358
NTRK1,ENSG00000198400,WBGene00222149,Bma-cam-1,Bm1888a.1,23.3668
SLC18A1,ENSG00000036565,WBGene00225236,Bma-cat-1,Bm4975.1,42.2857
TH,ENSG00000180176,WBGene00225191,Bma-cat-2,Bm4930.1,37.1212
ATP1A2,ENSG00000018625,WBGene00229131,Bma-catp-1,Bm8870.1,26.8627
ATP1A2,ENSG00000018625,WBGene00230703,Bma-catp-4,Bm10442.1,54.3137
ATP13A1,ENSG00000105726,WBGene00233941,Bma-catp-8,Bm13680.1,48.9203
CETN2,ENSG00000147400,WBGene00224976,Bma-cbn-1,Bm4715a.1,25.5814
CACNA1I,ENSG00000100346,WBGene00223190,Bma-cca-1,Bm2929a.1,35.8525
CDC42,ENSG00000070831,WBGene00225547,Bma-cdc-42,Bm5286a.1,89.5288
SPATA5,ENSG00000145375,WBGene00225071,Bma-cdc-48.3,Bm4810a.1,24.3001
CDC7,ENSG00000097046,WBGene00229100,Bma-cdc-7,Bm8839a.1,21.6028
CDK5,ENSG00000164885,WBGene00225048,Bma-cdk-1.1,Bm4787a.1,43.4931
CDK1,ENSG00000170312,WBGene00230587,Bma-cdk-1.2,Bm10326.1,0
CDK5,ENSG00000164885,WBGene00230408,Bma-cdk-1.3,Bm10147.1,44.863
CDK11A,ENSG00000008128,WBGene00222087,Bma-cdk-11.1,Bm1826.1,34.4828
CDK4,ENSG00000135446,WBGene00221996,Bma-cdk-12,Bm1735.1,38.9439
CDK3,ENSG00000250506,WBGene00229514,Bma-cdk-2,Bm9253.1,51.1475
CDK4,ENSG00000135446,WBGene00223705,Bma-cdk-4,Bm3444a.1,40.264
CDK3,ENSG00000250506,WBGene00226309,Bma-cdk-5,Bm6048.1,56.0656
CDK7,ENSG00000134058,WBGene00234010,Bma-cdk-7,Bm13749.1,58.6705
CDK4,ENSG00000135446,WBGene00224209,Bma-cdk-8,Bm3948a.1,34.9835
CDK9,ENSG00000136807,WBGene00224940,Bma-cdk-9,Bm4679.1,59.4086
CDK4,ENSG00000135446,WBGene00226789,Bma-cdkl-1,Bm6528.1,32.0132
TRPM8,ENSG00000144481,WBGene00227742,Bma-ced-11,Bm7481a.1,13.3152
SPHK1,ENSG00000176170,WBGene00225968,Bma-cerk-1,Bm5707.1,14.6809
YBX1,ENSG00000065978,WBGene00224042,Bma-cey-1,Bm3781.1,25.3086
FZD5,ENSG00000163251,WBGene00223919,Bma-cfz-2,Bm3658.1,39.1453
CHAT,ENSG00000070748,WBGene00227648,Bma-cha-1,Bm7387.1,30.3476
HELLS,ENSG00000119969,WBGene00224892,Bma-chd-1,Bm4631a.1,25.3394
HELLS,ENSG00000119969,WBGene00225807,Bma-chd-7,Bm5546.1,28.1674
RHOV,ENSG00000104140,WBGene00228452,Bma-chw-1,Bm8191a.1,47.4576
SH2D1B,ENSG00000198574,WBGene00223120,Bma-cil-1,Bm2859.1,18.9394
CAMKK1,ENSG00000004660,WBGene00222254,Bma-ckk-1,Bm1993.1,36.8421
CCKAR,ENSG00000163394,WBGene00226199,Bma-ckr-1,Bm5938a.1,23.8318
NPAS4,ENSG00000174576,WBGene00222479,Bma-cky-1,Bm2218a.1,15.7107
CAMK1,ENSG00000134072,WBGene00225117,Bma-cmk-1,Bm4856a.1,56.2162
ATOH7,ENSG00000179774,WBGene00222843,Bma-cnd-1,Bm2582a.1,24.3421
ACAP1,ENSG00000072818,WBGene00226567,Bma-cnt-1,Bm6306.1,30.2703
AGAP4,ENSG00000188234,WBGene00226711,Bma-cnt-2,Bm6450.1,29.7134
COQ6,ENSG00000119723,WBGene00234346,Bma-coq-6.1,Bm14085.1,17.3077
COQ6,ENSG00000119723,WBGene00269328,Bma-coq-6.2,Bm18188.1,20.5128
CTSK,ENSG00000143387,WBGene00227937,Bma-cpl-1.4,Bm7676.1,43.465
CTSK,ENSG00000143387,WBGene00227942,Bma-cpl-1.5,Bm7681.1,42.8571
CTSK,ENSG00000143387,WBGene00227936,Bma-cpl-1.6,Bm7675.1,44.0729
CTSK,ENSG00000143387,WBGene00227938,Bma-cpl-1.7,Bm7677.1,43.1611
CTSK,ENSG00000143387,WBGene00221927,Bma-cpl-1.8,Bm1666a.1,42.5532
CTSK,ENSG00000143387,WBGene00227940,Bma-cpl-1.9,Bm7679.1,43.465
TINAG,ENSG00000137251,WBGene00222626,Bma-cpr-6,Bm2365.1,21.6387
CPSF2,ENSG00000165934,WBGene00223503,Bma-cpsf-2,Bm3242.1,50.3836
CPSF3,ENSG00000119203,WBGene00234075,Bma-cpsf-3,Bm13814.1,56.8713
CPT1A,ENSG00000110090,WBGene00226845,Bma-cpt-1,Bm6584.1,43.9845
CPT2,ENSG00000157184,WBGene00225554,Bma-cpt-2,Bm5293.1,39.5137
CTSV,ENSG00000136943,WBGene00224015,Bma-cpz-1,Bm3754.1,25.4491
ATF1,ENSG00000123268,WBGene00226771,Bma-crh-1,Bm6510a.1,31.7343
CREB3L1,ENSG00000157613,WBGene00228489,Bma-crh-2,Bm8228.1,12.9094
CSNK1G3,ENSG00000151292,WBGene00227519,Bma-csnk-1,Bm7258a.1,58.6813
ATP7B,ENSG00000123191,WBGene00227406,Bma-cua-1,Bm7145.1,34.6758
CUBN,ENSG00000107611,WBGene00227611,Bma-cubn-1,Bm7350b.1,25.4761
MCOLN3,ENSG00000055732,WBGene00225637,Bma-cup-5,Bm5376.1,24.0506
CCNA2,ENSG00000145386,WBGene00227740,Bma-cya-1,Bm7479.1,25
CCNB3,ENSG00000147082,WBGene00225880,Bma-cyb-3,Bm5619b.2,7.09677
CCND1,ENSG00000110092,WBGene00226689,Bma-cyd-1,Bm6428a.1,21.3559
USP18,ENSG00000184979,WBGene00227709,Bma-cyk-3,Bm7448.1,20.4301
CYP2A13,ENSG00000197838,WBGene00222012,Bma-cyp-23A1,Bm1751a.1,31.5789
CYP4V2,ENSG00000145476,WBGene00227420,Bma-cyp-42A1.1,Bm7159.1,37.1429
CYP4V2,ENSG00000145476,WBGene00228896,Bma-cyp-42A1.2,Bm8635.1,36.9524
ACVR1C,ENSG00000123612,WBGene00232265,Bma-daf-1,Bm12004a.1,41.9878
NTRK3,ENSG00000140538,WBGene00227106,Bma-daf-2,Bm6845.1,18.7128
SMAD7,ENSG00000101665,WBGene00223836,Bma-daf-3,Bm3575a.1,19.9531
GNRHR,ENSG00000109163,WBGene00227487,Bma-daf-38,Bm7226.1,18.5976
ACVR2B,ENSG00000114739,WBGene00230438,Bma-daf-4,Bm10177a.1,31.8359
MSTN,ENSG00000138379,WBGene00222058,Bma-daf-7,Bm1797b.1,22.6667
SMAD7,ENSG00000101665,WBGene00229434,Bma-daf-8,Bm9173b.1,14.0845
CYP2J2,ENSG00000134716,WBGene00222818,Bma-daf-9,Bm2557.1,30.6773
DAPK3,ENSG00000167657,WBGene00225279,Bma-dapk-1,Bm5018a.1,38.1057
SLC6A1,ENSG00000157103,WBGene00226221,Bma-dat-1,Bm5960.1,34.3907
BMP2,ENSG00000125845,WBGene00223175,Bma-dbl-1,Bm2914.1,25
DDR1,ENSG00000204580,WBGene00223572,Bma-ddr-2,Bm3311a.1,15.4516
DHX15,ENSG00000109606,WBGene00224737,Bma-ddx-15,Bm4476c.1,69.9371
SCNN1G,ENSG00000166828,WBGene00228249,Bma-deg-1,Bm7988.1,21.7257
ASIC1,ENSG00000110881,WBGene00226145,Bma-del-6,Bm5884.1,11.8467
DGKQ,ENSG00000145214,WBGene00222361,Bma-dgk-1,Bm2100.1,33.3333
DGKE,ENSG00000153933,WBGene00225096,Bma-dgk-5,Bm4835.1,28.0423
DHODH,ENSG00000102967,WBGene00226396,Bma-dhod-1,Bm6135.1,38.2278
RDH12,ENSG00000139988,WBGene00223963,Bma-dhs-17,Bm3702c.1,20.5696
RDH16,ENSG00000139547,WBGene00229240,Bma-dhs-2.1,Bm8979.1,29.0221
SDR9C7,ENSG00000170426,WBGene00229021,Bma-dhs-2.2,Bm8760.1,30.3514
AL049779.1,ENSG00000258466,WBGene00234639,Bma-dhs-2.3,Bm14378.1,16.1017
RDH16,ENSG00000139547,WBGene00269207,Bma-dhs-2.4,Bm18067.1,24.6057
RDH16,ENSG00000139547,WBGene00224692,Bma-dhs-2.5,Bm4431.1,31.5457
RDH16,ENSG00000139547,WBGene00229241,Bma-dhs-2.6,Bm8980.1,26.183
RDH16,ENSG00000139547,WBGene00224666,Bma-dhs-2.7,Bm4405.1,29.0221
SDR9C7,ENSG00000170426,WBGene00269209,Bma-dhs-2.8,Bm18069.1,28.754
HSD17B4,ENSG00000133835,WBGene00232261,Bma-dhs-28,Bm12000a.1,19.0539
HSD17B11,ENSG00000198189,WBGene00269256,Bma-dhs-29,Bm18116.1,27
HSD17B3,ENSG00000130948,WBGene00224733,Bma-dhs-5,Bm4472.1,26.129
PTPRQ,ENSG00000139304,WBGene00231083,Bma-dig-1,Bm10822b.1,23.445
MAP3K12,ENSG00000139625,WBGene00224059,Bma-dlk-1,Bm3798a.1,27.6906
GPR84,ENSG00000139572,WBGene00223643,Bma-dop-1,Bm3382a.1,14.3939
TAAR8,ENSG00000146385,WBGene00225224,Bma-dop-2,Bm4963a.1,25.1462
DRD3,ENSG00000151577,WBGene00225758,Bma-dop-5,Bm5497.1,26.25
DPP4,ENSG00000197635,WBGene00226213,Bma-dpf-1,Bm5952a.1,27.8068
DPP9,ENSG00000142002,WBGene00225026,Bma-dpf-3,Bm4765a.1,29.5964
DPP10,ENSG00000175497,WBGene00223392,Bma-dpf-4,Bm3131.1,11.875
APEH,ENSG00000164062,WBGene00225613,Bma-dpf-5,Bm5352.1,32.1038
DPF3,ENSG00000205683,WBGene00222718,Bma-dpff-1,Bm2457a.1,22.3301
TMX1,ENSG00000139921,WBGene00224407,Bma-dpy-11,Bm4146.1,36.0714
NRAS,ENSG00000213281,WBGene00223181,Bma-drn-1,Bm2920.1,33.8624
DNM3,ENSG00000197959,WBGene00226012,Bma-drp-1,Bm5751.1,33.1415
CMPK2,ENSG00000134326,WBGene00220276,Bma-dtmk-1,Bm15a.1,8.46325
DTNA,ENSG00000134769,WBGene00224450,Bma-dyb-1,Bm4189.1,34.3923
CDK20,ENSG00000156345,WBGene00224874,Bma-dyf-18,Bm4613a.1,34.3931
MAK,ENSG00000111837,WBGene00230021,Bma-dyf-5,Bm9760.1,33.179
DNM1,ENSG00000106976,WBGene00222169,Bma-dyn-1.1,Bm1908a.1,62.3843
DNM1,ENSG00000106976,WBGene00229623,Bma-dyn-1.2,Bm9362.1,54.5139
RGS6,ENSG00000182732,WBGene00222503,Bma-eat-16,Bm2242a.1,32.8571
OPA1,ENSG00000198836,WBGene00223293,Bma-eat-3,Bm3032.1,45.9378
AC010616.1,ENSG00000285505,WBGene00222040,Bma-eat-6,Bm1779a.1,69.604
NR1H3,ENSG00000025434,WBGene00231488,Bma-ecr-1,Bm11227a.1,34.2163
HUWE1,ENSG00000086758,WBGene00227265,Bma-eel-1,Bm7004c.1,25.5373
PSD,ENSG00000059915,WBGene00227108,Bma-efa-6,Bm6847.1,19.3359
LRRC53,ENSG00000162621,WBGene00225119,Bma-egg-6,Bm4858.1,11.3071
RGS7,ENSG00000182901,WBGene00223927,Bma-egl-10,Bm3666.1,48.8706
CSF1R,ENSG00000182578,WBGene00224796,Bma-egl-15,Bm4535.1,17.5926
CACNA1F,ENSG00000102001,WBGene00223086,Bma-egl-19,Bm2825a.1,48.8113
KCNH5,ENSG00000140015,WBGene00223665,Bma-egl-2,Bm3404a.1,43.9271
KCNK18,ENSG00000186795,WBGene00233054,Bma-egl-23,Bm12793.1,14.0625
PCSK2,ENSG00000125851,WBGene00223147,Bma-egl-3,Bm2886.1,58.464
PRKG2,ENSG00000138669,WBGene00224657,Bma-egl-4,Bm4396a.1,43.1759
ELF5,ENSG00000135374,WBGene00222591,Bma-elf-1,Bm2330.1,20.7547
POR,ENSG00000127948,WBGene00234079,Bma-emb-8,Bm13818.1,44.5588
HSP90B1,ENSG00000166598,WBGene00225845,Bma-enpl-1,Bm5584a.1,60.0249
RAPGEF4,ENSG00000091428,WBGene00226130,Bma-epac-1,Bm5869.1,38.18
ERP44,ENSG00000023318,WBGene00229941,Bma-erp-44.1,Bm9680a.1,47.5369
PDIA2,ENSG00000185615,WBGene00222754,Bma-erp-44.2,Bm2493.1,14.2857
UBE3C,ENSG00000009335,WBGene00223316,Bma-etc-1,Bm3055.1,27.5162
SPDEF,ENSG00000124664,WBGene00223763,Bma-ets-4,Bm3502a.1,28.0597
ERFL,ENSG00000268041,WBGene00222972,Bma-ets-5,Bm2711.1,19.774
VIPR2,ENSG00000106018,WBGene00224007,Bma-eva-1,Bm3746b.1,8.21918
ARL2-SNX15,ENSG00000273003,WBGene00233917,Bma-evl-20,Bm13656.1,74.3363
KCNS3,ENSG00000170745,WBGene00223582,Bma-exp-2,Bm3321a.1,29.3279
FADS6,ENSG00000172782,WBGene00233838,Bma-fat-3,Bm13577.1,17.9348
FADS6,ENSG00000172782,WBGene00228208,Bma-fat-4,Bm7947.1,14.9457
FBP2,ENSG00000130957,WBGene00234111,Bma-fbp-1,Bm13850.1,56.9322
AC013717.1,ENSG00000285542,WBGene00234581,Bma-fem-2,Bm14320.1,20.8333
SLC2A3,ENSG00000059804,WBGene00228623,Bma-fgt-1,Bm8362a.1,39.5161
FIG4,ENSG00000112367,WBGene00222817,Bma-figo-1,Bm2556a.1,32.5248
FLNA,ENSG00000196924,WBGene00227251,Bma-fln-1.1,Bm6990a.2,24.6317
FLNA,ENSG00000196924,WBGene00227250,Bma-fln-1.2,Bm6989.1,20.2116
DSP,ENSG00000096696,WBGene00222580,Bma-fln-2,Bm2319a.1,10.5538
NDOR1,ENSG00000188566,WBGene00234080,Bma-fre-1,Bm13819.1,30.363
FUS,ENSG00000089280,WBGene00222701,Bma-fust-1,Bm2440.1,20.5323
GAK,ENSG00000178950,WBGene00232872,Bma-gakh-1,Bm12611.1,24.714
CHRM4,ENSG00000180720,WBGene00224440,Bma-gar-2,Bm4179.1,19.2067
CHRM1,ENSG00000168539,WBGene00233845,Bma-gar-3,Bm13584a.1,32.6087
GABBR1,ENSG00000204681,WBGene00226788,Bma-gbb-1,Bm6527.1,35.9001
GABBR2,ENSG00000136928,WBGene00227693,Bma-gbb-2,Bm7432a.1,30.1807
GBF1,ENSG00000107862,WBGene00222611,Bma-gbf-1,Bm2350a.1,40.1291
STK25,ENSG00000115694,WBGene00226087,Bma-gck-1,Bm5826.1,57.277
MAP4K3,ENSG00000011566,WBGene00227641,Bma-gck-2,Bm7380a.1,40.4922
STK39,ENSG00000198648,WBGene00227195,Bma-gck-3,Bm6934.1,48.0734
MAP2K6,ENSG00000108984,WBGene00222204,Bma-gck-4,Bm1943a.1,22.7545
EIF2AK4,ENSG00000128829,WBGene00227423,Bma-gcn-2,Bm7162a.1,23.4688
NPR1,ENSG00000169418,WBGene00225710,Bma-gcy-28,Bm5449b.1,42.1301
SLC16A13,ENSG00000174327,WBGene00223108,Bma-gem-1,Bm2847a.1,26.5258
GIT1,ENSG00000108262,WBGene00223631,Bma-git-1,Bm3370b.1,32.2078
PAOX,ENSG00000148832,WBGene00224881,Bma-glf-1,Bm4620c.1,15.4599
GRIA4,ENSG00000152578,WBGene00269439,Bma-glr-1,Bm18224.1,34.5898
GRIA3,ENSG00000125675,WBGene00221995,Bma-glr-2,Bm1734.1,31.2081
SLC1A1,ENSG00000106688,WBGene00222424,Bma-glt-1,Bm2163.1,46.7557
GNRHR,ENSG00000109163,WBGene00224625,Bma-gnrr-1,Bm4364a.1,25.9146
TRPM3,ENSG00000083067,WBGene00228694,Bma-gon-2,Bm8433d.1,32.1031
GPX7,ENSG00000116157,WBGene00269239,Bma-gpx-7,Bm18099a.1,33.1551
GRK5,ENSG00000198873,WBGene00269119,Bma-grk-1.1,Bm17977.1,26.4407
GRK5,ENSG00000198873,WBGene00223707,Bma-grk-1.2,Bm3446a.1,56.7797
GRK6,ENSG00000198055,WBGene00228225,Bma-grk-2,Bm7964.1,34.5486
CYTH1,ENSG00000108669,WBGene00225104,Bma-grp-1,Bm4843.1,51.7588
AC006486.1,ENSG00000268643,WBGene00233214,Bma-gsk-3,Bm12953.1,67.0659
PPP1CB,ENSG00000213639,WBGene00223960,Bma-gsp-1,Bm3699a.1,90.2141
GSTP1,ENSG00000084207,WBGene00225675,Bma-gst-1,Bm5414a.1,41.4286
HPGDS,ENSG00000163106,WBGene00230224,Bma-gst-40,Bm9963.1,20.1005
ABAT,ENSG00000183044,WBGene00225061,Bma-gta-1,Bm4800a.1,43.6
TRPM1,ENSG00000134160,WBGene00224618,Bma-gtl-2,Bm4357.1,29.9635
TAP2,ENSG00000204267,WBGene00224320,Bma-haf-2,Bm4059a.1,25.656
HDAC6,ENSG00000094631,WBGene00226987,Bma-hda-10,Bm6726.1,12.1811
HDAC11,ENSG00000163517,WBGene00222864,Bma-hda-11,Bm2603.1,45.245
HDAC9,ENSG00000048052,WBGene00222325,Bma-hda-2,Bm2064.1,7.85781
HDAC1,ENSG00000116478,WBGene00229184,Bma-hda-3,Bm8923.1,60.5809
HDAC9,ENSG00000048052,WBGene00222392,Bma-hda-4,Bm2131b.1,25.5379
HERC4,ENSG00000148634,WBGene00226932,Bma-herc-1,Bm6671.1,34.4371
HEXB,ENSG00000049860,WBGene00226053,Bma-hex-1,Bm5792.1,38.3094
HIF3A,ENSG00000124440,WBGene00268847,Bma-hif-1.2,Bm17705.1,4.78326
HIF3A,ENSG00000124440,WBGene00268379,Bma-hif-1.3,Bm17236.1,4.78326
HIF3A,ENSG00000124440,WBGene00224168,Bma-hif-1.4,Bm3907b.1,16.293
HIF3A,ENSG00000124440,WBGene00268348,Bma-hif-1.5,Bm17205.1,4.78326
FGFR2,ENSG00000066468,WBGene00222602,Bma-hir-1,Bm2341a.1,17.1533
BHLHE23,ENSG00000125533,WBGene00223335,Bma-hlh-16,Bm3074.1,21.1618
TCF12,ENSG00000140262,WBGene00225364,Bma-hlh-2,Bm5103a.1,13.3144
HIF3A,ENSG00000124440,WBGene00225733,Bma-hlh-34,Bm5472.1,16.1435
JUP,ENSG00000173801,WBGene00225089,Bma-hmp-2,Bm4828a.1,32.2148
HIPK3,ENSG00000110422,WBGene00223718,Bma-hpk-1,Bm3457d.1,25.8436
HSPA4L,ENSG00000164070,WBGene00233924,Bma-hsp-110,Bm13663.1,41.8355
HSPA9,ENSG00000113013,WBGene00233923,Bma-hsp-6,Bm13662a.1,71.8704
TRAP1,ENSG00000126602,WBGene00225695,Bma-hsp-75,Bm5434a.1,40.767
H2AC1,ENSG00000164508,WBGene00225559,Bma-htz-1,Bm5298.1,56.4885
GCK,ENSG00000106633,WBGene00233072,Bma-hxk-1.1,Bm12811b.1,43.7768
GCK,ENSG00000106633,WBGene00223624,Bma-hxk-1.2,Bm3363b.1,23.8197
GCK,ENSG00000106633,WBGene00230488,Bma-hxk-1.3,Bm10227.1,44.206
ILKAP,ENSG00000132323,WBGene00224045,Bma-ilkp-1,Bm3784.1,34.1837
ITGA6,ENSG00000091409,WBGene00232622,Bma-ina-1,Bm12361.1,26.5811
INPP5E,ENSG00000148384,WBGene00226260,Bma-inpp-1,Bm5999a.1,15.9938
INTS11,ENSG00000127054,WBGene00223516,Bma-ints-11,Bm3255a.2,49.835
INTS9,ENSG00000104299,WBGene00223712,Bma-ints-9,Bm3451.1,32.0669
KCNJ12,ENSG00000184185,WBGene00225321,Bma-irk-2,Bm5060a.1,39.7229
KCNJ9,ENSG00000162728,WBGene00231925,Bma-irk-3,Bm11664.1,27.4809
SMARCA1,ENSG00000102038,WBGene00224146,Bma-isw-1,Bm3885a.1,59.2523
KLHL18,ENSG00000114648,WBGene00225570,Bma-ivns-1,Bm5309a.1,26.4808
KDM2A,ENSG00000173120,WBGene00226278,Bma-jhdm-1,Bm6017.1,18.7608
KDM4C,ENSG00000107077,WBGene00226902,Bma-jmjd-2,Bm6641b.1,23.4848
MAPK4,ENSG00000141639,WBGene00222081,Bma-jnk-1,Bm1820d.1,16.6951
NKIRAS1,ENSG00000197885,WBGene00224502,Bma-kbrl-1,Bm4241a.1,42.7083
KCNN1,ENSG00000105642,WBGene00222050,Bma-kcnl-1,Bm1789a.1,31.4917
KCNN1,ENSG00000105642,WBGene00223437,Bma-kcnl-2,Bm3176.1,40.5157
KLHL12,ENSG00000117153,WBGene00223073,Bma-kel-1,Bm2812.1,34.507
KLHL20,ENSG00000076321,WBGene00225628,Bma-kel-20,Bm5367a.1,64.6962
KLHL18,ENSG00000114648,WBGene00226310,Bma-kel-3,Bm6049.1,51.2195
KLHL8,ENSG00000145332,WBGene00226406,Bma-kel-8,Bm6145a.1,44.3548
TAOK2,ENSG00000149930,WBGene00226078,Bma-kin-18,Bm5817.1,27.2874
CSNK1A1,ENSG00000113712,WBGene00222192,Bma-kin-19,Bm1931a.1,78.0822
CSNK1E,ENSG00000213923,WBGene00224409,Bma-kin-20,Bm4148a.1,58.6538
CSNK2A2,ENSG00000070770,WBGene00221966,Bma-kin-3,Bm1705a.1,76
FGFR4,ENSG00000160867,WBGene00229221,Bma-kin-9,Bm8960.1,13.7157
KIF3B,ENSG00000101350,WBGene00223721,Bma-klp-11,Bm3460.1,52.075
KIF5C,ENSG00000168280,WBGene00225742,Bma-klp-12,Bm5481a.1,20.6897
KIF5C,ENSG00000168280,WBGene00226801,Bma-klp-19,Bm6540.1,21.8391
KIF3A,ENSG00000131437,WBGene00226971,Bma-klp-20,Bm6710.1,52.3416
KIFC3,ENSG00000140859,WBGene00231878,Bma-klp-3,Bm11617.1,19.3396
KIF13A,ENSG00000137177,WBGene00224745,Bma-klp-4,Bm4484.1,35.7895
KIF2C,ENSG00000142945,WBGene00225263,Bma-klp-7,Bm5002.1,43.1724
FURIN,ENSG00000140564,WBGene00223554,Bma-kpc-1,Bm3293.1,42.5693
KCNQ1,ENSG00000053918,WBGene00222625,Bma-kqt-1,Bm2364b.1,34.1716
RAF1,ENSG00000132155,WBGene00223588,Bma-ksr-1,Bm3327.1,14.9701
KCNS3,ENSG00000170745,WBGene00226896,Bma-kvs-4,Bm6635a.1,21.9959
ADGRL4,ENSG00000162618,WBGene00222072,Bma-lat-1,Bm1811b.1,25.5072
ADGRL4,ENSG00000162618,WBGene00222000,Bma-lat-2,Bm1739a.1,23.3333
PMP2,ENSG00000147588,WBGene00226764,Bma-lbp-9,Bm6503a.1,40.1515
LDHC,ENSG00000166796,WBGene00223600,Bma-ldh-1,Bm3339a.1,55.4217
TYRO3,ENSG00000092445,WBGene00227876,Bma-let-23,Bm7615.1,13.2584
DHX33,ENSG00000005100,WBGene00225844,Bma-let-355,Bm5583.1,35.9264
MTOR,ENSG00000198793,WBGene00221988,Bma-let-363,Bm1727a.1,37.7403
LRRC32,ENSG00000137507,WBGene00223030,Bma-let-4,Bm2769.1,17.5227
ROCK2,ENSG00000134318,WBGene00225797,Bma-let-502,Bm5536.1,32.9251
HRAS,ENSG00000174775,WBGene00249818,Bma-let-60,Bm16898.1,76.1905
CREB3,ENSG00000107175,WBGene00224777,Bma-let-607,Bm4516.1,23.7197
FGF9,ENSG00000102678,WBGene00222241,Bma-let-756,Bm1980.1,33.6538
PPP2CA,ENSG00000113575,WBGene00233974,Bma-let-92,Bm13713.1,88.3495
APOH,ENSG00000091583,WBGene00225926,Bma-lev-9,Bm5665a.1,25.2174
ELK3,ENSG00000111145,WBGene00227413,Bma-lin-1,Bm7152.1,31.941
FZD4,ENSG00000174804,WBGene00227305,Bma-lin-17,Bm7044.1,32.4022
LIN28A,ENSG00000131914,WBGene00223413,Bma-lin-28,Bm3152.1,27.2727
ATOH7,ENSG00000179774,WBGene00229831,Bma-lin-32,Bm9570.1,26.3158
ARAF,ENSG00000078061,WBGene00227354,Bma-lin-45,Bm7093a.1,39.2447
BRD1,ENSG00000100425,WBGene00224277,Bma-lin-49,Bm4016a.1,22.1194
SETDB2,ENSG00000136169,WBGene00226014,Bma-lin-59,Bm5753a.1,8.90125
PAFAH1B1,ENSG00000007168,WBGene00225776,Bma-lis-1,Bm5515.1,64.3902
MAPK4,ENSG00000141639,WBGene00226476,Bma-lit-1,Bm6215b.1,19.0801
RIPK2,ENSG00000104312,WBGene00226305,Bma-lrk-1,Bm6044a.1,16.6667
CD180,ENSG00000134061,WBGene00223542,Bma-lron-5,Bm3281.1,17.7005
PKD1L3,ENSG00000277481,WBGene00223163,Bma-lst-6,Bm2902b.1,4.67667
NVL,ENSG00000143748,WBGene00226906,Bma-mac-1,Bm6645.2,39.9533
CLK2,ENSG00000176444,WBGene00223363,Bma-madd-3,Bm3102a.1,49.0982
DCX,ENSG00000077279,WBGene00223016,Bma-mak-2,Bm2755a.1,3.27869
MAPK15,ENSG00000181085,WBGene00222236,Bma-mapk-15,Bm1975.1,40.2574
NFKBIB,ENSG00000104825,WBGene00225606,Bma-mask-1,Bm5345.1,29.4944
MAP2K6,ENSG00000108984,WBGene00226692,Bma-max-2,Bm6431a.1,28.4431
DYRK1A,ENSG00000157540,WBGene00225803,Bma-mbk-1,Bm5542a.1,40.498
DYRK3,ENSG00000143479,WBGene00224493,Bma-mbk-2,Bm4232.1,46.9388
SOAT1,ENSG00000057252,WBGene00222049,Bma-mboa-1,Bm1788.1,27.2727
DGAT1,ENSG00000185000,WBGene00232729,Bma-mboa-2,Bm12468.1,42.0082
MBOAT1,ENSG00000172197,WBGene00229495,Bma-mboa-3.1,Bm9234.1,37.1717
MBOAT1,ENSG00000172197,WBGene00223203,Bma-mboa-3.2,Bm2942.1,36.9697
LPCAT3,ENSG00000111684,WBGene00225699,Bma-mboa-6,Bm5438.1,28.7474
MBOAT7,ENSG00000125505,WBGene00223632,Bma-mboa-7,Bm3371.1,28.8136
ATP4A,ENSG00000105675,WBGene00234977,Bma-mca-3.1,Bm14792a.1,23.3816
ATP4A,ENSG00000105675,WBGene00225471,Bma-mca-3.2,Bm5210a.1,22.029
SLC16A13,ENSG00000174327,WBGene00225086,Bma-mct-4,Bm4825a.1,28.6385
MCU,ENSG00000156026,WBGene00225006,Bma-mcu-1,Bm4745a.1,33.6182
MDH2,ENSG00000146701,WBGene00234116,Bma-mdh-2,Bm13855.1,53.2544
TUBA4B,ENSG00000243910,WBGene00229489,Bma-mec-12,Bm9228.1,70.9544
NPHS2,ENSG00000116218,WBGene00232993,Bma-mec-2,Bm12732.1,34.4648
SCNN1G,ENSG00000166828,WBGene00224704,Bma-mec-4,Bm4443c.1,20.4931
TUBB3,ENSG00000258947,WBGene00228922,Bma-mec-7,Bm8661.1,86.8889
MEF2B,ENSG00000213999,WBGene00226531,Bma-mef-2,Bm6270.1,27.4457
MAP2K1,ENSG00000169032,WBGene00227060,Bma-mek-2,Bm6799.1,49.8728
MAP3K2,ENSG00000169967,WBGene00225937,Bma-mekk-3,Bm5676.1,29.4023
SETDB2,ENSG00000136169,WBGene00225501,Bma-mes-2,Bm5240a.1,10.0139
SETDB2,ENSG00000136169,WBGene00231167,Bma-mes-4,Bm10906a.1,8.34492
SETDB2,ENSG00000136169,WBGene00225477,Bma-met-2,Bm5216a.1,16.2726
GRM5,ENSG00000168959,WBGene00224390,Bma-mgl-2,Bm4129.1,28.2178
MIF,ENSG00000240972,WBGene00227131,Bma-mif-1,Bm6870.1,38.2609
DDT,ENSG00000099977,WBGene00223158,Bma-mif-2,Bm2897a.2,28.8136
FZD10,ENSG00000111432,WBGene00226631,Bma-mig-1,Bm6370a.1,23.7522
MINK1,ENSG00000141503,WBGene00227661,Bma-mig-15,Bm7400a.1,41.7417
RHOG,ENSG00000177105,WBGene00222871,Bma-mig-2,Bm2610.1,63.3508
PCGF3,ENSG00000185619,WBGene00223557,Bma-mig-32,Bm3296b.1,38.843
RHOT2,ENSG00000140983,WBGene00225194,Bma-miro-1,Bm4933.1,46.6019
DAPK3,ENSG00000167657,WBGene00227633,Bma-mlck-1,Bm7372a.1,28.6344
RIPK3,ENSG00000129465,WBGene00229603,Bma-mlk-1,Bm9342b.1,18.1467
MKNK2,ENSG00000099875,WBGene00225704,Bma-mnk-1,Bm5443a.1,39.1398
ANPEP,ENSG00000166825,WBGene00221999,Bma-mnp-1,Bm1738.1,11.272
MOCS3,ENSG00000124217,WBGene00234192,Bma-moc-3,Bm13931.1,38.6957
SLC6A2,ENSG00000103546,WBGene00227067,Bma-mod-5,Bm6806a.1,40.7643
DHX38,ENSG00000140829,WBGene00225052,Bma-mog-1,Bm4791a.1,53.3007
DHX16,ENSG00000204560,WBGene00222220,Bma-mog-4,Bm1959b.1,55.3314
DHX8,ENSG00000067596,WBGene00223374,Bma-mog-5,Bm3113.1,60.9016
PORCN,ENSG00000102312,WBGene00225923,Bma-mom-1,Bm5662.1,26.898
FZD2,ENSG00000180340,WBGene00226206,Bma-mom-5,Bm5945.1,38.2301
MON2,ENSG00000061987,WBGene00223558,Bma-mon-2,Bm3297a.1,35.3524
MAPK1,ENSG00000100030,WBGene00224308,Bma-mpk-1,Bm4047.1,77.7778
CDC42BPA,ENSG00000143776,WBGene00225163,Bma-mrck-1,Bm4902a.1,41.5358
ABCC5,ENSG00000114770,WBGene00223634,Bma-mrp-5,Bm3373.1,33.4029
ABCC2,ENSG00000023839,WBGene00223757,Bma-mrp-7.1,Bm3496.1,19.6764
CFTR,ENSG00000001626,WBGene00268668,Bma-mrp-7.2,Bm17525.1,10.7432
MAP3K4,ENSG00000085511,WBGene00226749,Bma-mtk-1,Bm6488b.1,21.2687
MTRR,ENSG00000124275,WBGene00222148,Bma-mtrr-1,Bm1887.1,20.6304
KAT8,ENSG00000103510,WBGene00225046,Bma-mys-2,Bm4785.1,43.469
KAT6B,ENSG00000156650,WBGene00230660,Bma-mys-4,Bm10399.1,6.5123
SLC13A5,ENSG00000141485,WBGene00223997,Bma-nac-1,Bm3736.1,37.1479
ASTL,ENSG00000188886,WBGene00223491,Bma-nas-14,Bm3230b.1,25.058
TLL1,ENSG00000038295,WBGene00224178,Bma-nas-39,Bm3917a.1,39.2892
NCAM1,ENSG00000149294,WBGene00228483,Bma-ncam-1,Bm8222a.1,12.8959
SLC8A2,ENSG00000118160,WBGene00222403,Bma-ncx-2,Bm2142b.1,43.9739
SLC8A3,ENSG00000100678,WBGene00227616,Bma-ncx-3,Bm7355.1,27.616
NUDT18,ENSG00000275074,WBGene00268813,Bma-ndx-1,Bm17671.1,20.743
NUDT5,ENSG00000165609,WBGene00226405,Bma-ndx-2,Bm6144.1,32.4201
ECEL1,ENSG00000171551,WBGene00227680,Bma-nep-1,Bm7419a.1,25.9355
ECEL1,ENSG00000171551,WBGene00268701,Bma-nep-11,Bm17558.1,23.7419
MME,ENSG00000196549,WBGene00228066,Bma-nep-2,Bm7805.1,34.4
ECEL1,ENSG00000171551,WBGene00226069,Bma-nep-21,Bm5808.1,29.6774
ATOH7,ENSG00000179774,WBGene00226054,Bma-ngn-1,Bm5793.1,23.6842
HNF4G,ENSG00000164749,WBGene00221359,Bma-nhr-120,Bm1098a.1,17.9775
HNF4G,ENSG00000164749,WBGene00225718,Bma-nhr-14,Bm5457a.1,23.8202
NR2F6,ENSG00000160113,WBGene00233596,Bma-nhr-236,Bm13335a.1,16.8317
HNF4G,ENSG00000164749,WBGene00225196,Bma-nhr-32,Bm4935a.1,13.4831
HNF4G,ENSG00000164749,WBGene00231886,Bma-nhr-35,Bm11625.1,28.5393
NR2F6,ENSG00000160113,WBGene00227482,Bma-nhr-41,Bm7221a.1,26.2376
HNF4G,ENSG00000164749,WBGene00225241,Bma-nhr-49,Bm4980a.1,24.9438
NR4A2,ENSG00000153234,WBGene00223096,Bma-nhr-6,Bm2835a.1,21.5719
NR2E1,ENSG00000112333,WBGene00222339,Bma-nhr-67,Bm2078.1,30.0948
HNF4G,ENSG00000164749,WBGene00225155,Bma-nhr-88,Bm4894a.1,22.0225
RXRA,ENSG00000186350,WBGene00226556,Bma-nhr-91,Bm6295a.1,23.1602
SLC9A2,ENSG00000115616,WBGene00232040,Bma-nhx-1,Bm11779.1,25.6158
SLC9A2,ENSG00000115616,WBGene00224785,Bma-nhx-5,Bm4524.1,18.2266
SLC9A8,ENSG00000197818,WBGene00226574,Bma-nhx-8,Bm6313a.1,35.6784
PRLHR,ENSG00000119973,WBGene00269159,Bma-npr-1,Bm18017.1,23.7838
AC018709.1,ENSG00000272297,WBGene00223170,Bma-npr-10,Bm2909.1,18.3673
NPY1R,ENSG00000164128,WBGene00227645,Bma-npr-13,Bm7384.1,13.8021
UTS2R,ENSG00000181408,WBGene00224723,Bma-npr-16,Bm4462.1,15.9383
MTNR1B,ENSG00000134640,WBGene00268235,Bma-npr-18,Bm17091.1,16.0221
AGTR2,ENSG00000180772,WBGene00269108,Bma-npr-32,Bm17966.1,21.4876
NPFFR1,ENSG00000148734,WBGene00223141,Bma-npr-35,Bm2880.1,13.7209
PRLHR,ENSG00000119973,WBGene00222515,Bma-npr-4,Bm2254.1,22.973
PRLHR,ENSG00000119973,WBGene00227183,Bma-npr-5,Bm6922b.1,21.8919
MAP3K5,ENSG00000197442,WBGene00232496,Bma-nsy-1,Bm12235.1,37.6274
NDUFA10,ENSG00000130414,WBGene00225077,Bma-nuo-4,Bm4816.1,29.2958
BPTF,ENSG00000171634,WBGene00223902,Bma-nurf-1,Bm3641b.1,13.5274
INPP5B,ENSG00000204084,WBGene00222504,Bma-ocrl-1.1,Bm2243.1,23.1106
INPP5B,ENSG00000204084,WBGene00234752,Bma-ocrl-1.2,Bm14491.1,13.034
SLC22A3,ENSG00000146477,WBGene00232070,Bma-oct-1,Bm11809.1,30.5755
ORAI2,ENSG00000160991,WBGene00222363,Bma-orai-1,Bm2102b.1,30.315
KIF5C,ENSG00000168280,WBGene00231855,Bma-osm-3,Bm11594.1,19.3312
TRPV5,ENSG00000127412,WBGene00221972,Bma-osm-9,Bm1711a.1,19.2044
UBE3B,ENSG00000151148,WBGene00226714,Bma-oxi-1,Bm6453.1,37.5468
PAK2,ENSG00000180370,WBGene00235057,Bma-pak-1,Bm14722a.1,55.916
MAP2K6,ENSG00000108984,WBGene00223037,Bma-pak-2,Bm2776.1,25.1497
NPEPPS,ENSG00000141279,WBGene00224490,Bma-pam-1,Bm4229.1,38.6289
IGFALS,ENSG00000099769,WBGene00228024,Bma-pan-1,Bm7763.1,18.0404
ADIPOR1,ENSG00000159346,WBGene00222989,Bma-paqr-1,Bm2728.1,45.0667
ADIPOR2,ENSG00000006831,WBGene00226617,Bma-paqr-2,Bm6356.1,39.3782
PAQR3,ENSG00000163291,WBGene00227255,Bma-paqr-3,Bm6994.1,27.6527
STK11,ENSG00000118046,WBGene00227191,Bma-par-4,Bm6930a.1,36.9515
PARP2,ENSG00000129484,WBGene00223358,Bma-parp-2,Bm3097a.1,41.8525
CALML6,ENSG00000169885,WBGene00224604,Bma-pat-10,Bm4343a.1,26.5193
ITGA5,ENSG00000161638,WBGene00224639,Bma-pat-2.1,Bm4378.1,24.1182
ITGA6,ENSG00000091409,WBGene00269341,Bma-pat-2.2,Bm18195.1,3.48304
ITGB1,ENSG00000150093,WBGene00227872,Bma-pat-3,Bm7611.1,41.7293
ILK,ENSG00000166333,WBGene00222732,Bma-pat-4,Bm2471.1,57.9646
CECR2,ENSG00000099954,WBGene00226877,Bma-pcaf-1,Bm6616c.1,1.76923
TAAR8,ENSG00000146385,WBGene00224852,Bma-pcdr-1,Bm4591.1,17.2515
SPATA5L1,ENSG00000171763,WBGene00223514,Bma-pch-2,Bm3253.1,9.29615
CDK16,ENSG00000102225,WBGene00222311,Bma-pct-1,Bm2050a.1,45.4386
PDE1C,ENSG00000154678,WBGene00225808,Bma-pde-1,Bm5547.1,30.1691
PDE2A,ENSG00000186642,WBGene00225567,Bma-pde-2,Bm5306.1,29.3305
PDE7A,ENSG00000205268,WBGene00223345,Bma-pde-3,Bm3084.1,21.1618
PDE4A,ENSG00000065989,WBGene00225698,Bma-pde-4,Bm5437.1,32.6185
PDE10A,ENSG00000112541,WBGene00222780,Bma-pde-5,Bm2519b.1,32.6996
AC022414.1,ENSG00000284762,WBGene00227465,Bma-pde-6,Bm7204.1,27.8581
LINC02210-CRHR1,ENSG00000263715,WBGene00222429,Bma-pdfr-1,Bm2168b.1,27.0833
PDK3,ENSG00000067992,WBGene00234027,Bma-pdhk-2,Bm13766.1,42.1687
P4HB,ENSG00000185624,WBGene00233940,Bma-pdi-2,Bm13679.1,56.2992
PDIA3,ENSG00000167004,WBGene00224891,Bma-pdi-3,Bm4630.2,43.9604
PDIA6,ENSG00000143870,WBGene00222053,Bma-pdi-6,Bm1792.1,47.9675
PDPK1,ENSG00000140992,WBGene00224959,Bma-pdk-1,Bm4698b.1,41.0072
PDP1,ENSG00000164951,WBGene00227860,Bma-pdp-1,Bm7599a.1,28.8256
AD000671.1,ENSG00000188223,WBGene00226330,Bma-pen-2,Bm6069.1,43.6364
PFKFB4,ENSG00000114268,WBGene00221824,Bma-pfkb-1.1,Bm1563a.1,49.6802
ABCB1,ENSG00000085563,WBGene00223185,Bma-pgp-10,Bm2924.1,29.6875
ABCB1,ENSG00000085563,WBGene00223785,Bma-pgp-11,Bm3524.1,34.375
PHF10,ENSG00000130024,WBGene00228476,Bma-phf-10,Bm8215.1,26.3052
PHF14,ENSG00000106443,WBGene00227185,Bma-phf-14,Bm6924.1,19.1441
JADE3,ENSG00000102221,WBGene00227029,Bma-phf-15,Bm6768a.1,22.4787
PI4KB,ENSG00000143393,WBGene00224118,Bma-pifk-1,Bm3857a.1,39.0097
MELK,ENSG00000165304,WBGene00226429,Bma-pig-1,Bm6168.1,36.5591
IRAK3,ENSG00000090376,WBGene00225206,Bma-pik-1,Bm4945.1,19.6309
PIK3C2B,ENSG00000133056,WBGene00224187,Bma-piki-1,Bm3926b.1,28.0294
PRKCA,ENSG00000154229,WBGene00224790,Bma-pkc-1,Bm4529.1,43.006
PRKCA,ENSG00000154229,WBGene00223349,Bma-pkc-2,Bm3088a.1,62.6488
PRKCA,ENSG00000154229,WBGene00223482,Bma-pkc-3,Bm3221.1,31.6964
PKN3,ENSG00000160447,WBGene00224413,Bma-pkn-1,Bm4152d.1,37.7953
PLD2,ENSG00000129219,WBGene00232477,Bma-pld-1,Bm12216.1,41.6935
MAPK12,ENSG00000188130,WBGene00221973,Bma-pmk-1,Bm1712a.1,55.5858
MAPK14,ENSG00000112062,WBGene00224290,Bma-pmk-3,Bm4029b.1,42.2222
ATP4A,ENSG00000105675,WBGene00227697,Bma-pmr-1,Bm7436a.1,25.0242
POLA1,ENSG00000101868,WBGene00228600,Bma-pola-1,Bm8339.1,26.8392
PPP4C,ENSG00000149923,WBGene00233975,Bma-pph-4.1,Bm13714.1,76.2215
PPP5C,ENSG00000011485,WBGene00233977,Bma-pph-5,Bm13716.1,19.4389
PPP6C,ENSG00000119414,WBGene00233976,Bma-pph-6,Bm13715.1,49.7076
PIP5K1A,ENSG00000143398,WBGene00224665,Bma-ppk-1,Bm4404b.1,40.9253
PIP4K2A,ENSG00000150867,WBGene00226943,Bma-ppk-2,Bm6682.1,51.4778
AC013717.1,ENSG00000285542,WBGene00223831,Bma-ppm-1.A,Bm3570.1,45.8333
PPM1D,ENSG00000170836,WBGene00227077,Bma-ppm-1.D,Bm6816b.1,26.6116
AC013717.1,ENSG00000285542,WBGene00224295,Bma-ppm-1.G,Bm4034a.1,29.9479
AC013717.1,ENSG00000285542,WBGene00255463,Bma-ppm-2,Bm16920.1,35.6771
MRTFA,ENSG00000196588,WBGene00225783,Bma-pqn-62,Bm5522b.1,17.2878
PIM2,ENSG00000102096,WBGene00222279,Bma-prk-1,Bm2018.1,37.299
PIM2,ENSG00000102096,WBGene00224384,Bma-prk-2,Bm4123a.1,37.9421
PRMT8,ENSG00000111218,WBGene00227563,Bma-prmt-1,Bm7302.1,56.3452
PRMT7,ENSG00000132600,WBGene00231658,Bma-prmt-7,Bm11397.1,29.1908
PRMT9,ENSG00000164169,WBGene00229284,Bma-prmt-9,Bm9023.1,17.9882
PRPF4B,ENSG00000112739,WBGene00223780,Bma-prpf-4,Bm3519b.1,31.7776
PEX1,ENSG00000127980,WBGene00222417,Bma-prx-1,Bm2156.1,17.0694
PEX6,ENSG00000124587,WBGene00224201,Bma-prx-6,Bm3940.1,21.5306
RAPGEF6,ENSG00000158987,WBGene00226056,Bma-pxf-1,Bm5795.1,29.4593
PYGM,ENSG00000068976,WBGene00226192,Bma-pygl-1,Bm5931a.1,70.3088
DHH,ENSG00000139549,WBGene00225840,Bma-qua-1,Bm5579a.1,14.1414
RAB14,ENSG00000119396,WBGene00225201,Bma-rab-14,Bm4940.1,78.1395
RAB18,ENSG00000099246,WBGene00227442,Bma-rab-18,Bm7181.1,54.0426
RAB21,ENSG00000080371,WBGene00225714,Bma-rab-21,Bm5453.1,48
RAB30,ENSG00000137502,WBGene00226821,Bma-rab-30,Bm6560.1,57.6355
AC099811.2,ENSG00000267261,WBGene00233920,Bma-rab-5.1,Bm13659.1,46.8085
AC099811.2,ENSG00000267261,WBGene00223901,Bma-rab-5.2,Bm3640.1,46.8085
RAB7A,ENSG00000075785,WBGene00233978,Bma-rab-7,Bm13717a.1,72.4638
RAB8B,ENSG00000166128,WBGene00223271,Bma-rab-8,Bm3010.1,74.8792
RAD54L2,ENSG00000164080,WBGene00222688,Bma-rad-26,Bm2427.1,24.5399
RAD54B,ENSG00000197275,WBGene00227570,Bma-rad-54.B,Bm7309a.1,28.022
RAD54L,ENSG00000085999,WBGene00226472,Bma-rad-54.L,Bm6211.1,55.8233
RALA,ENSG00000006451,WBGene00227030,Bma-ral-1,Bm6769c.1,68.4466
ERAS,ENSG00000187682,WBGene00222689,Bma-rap-1,Bm2428.1,30.0429
RAP2C,ENSG00000123728,WBGene00268958,Bma-rap-2,Bm17816.1,68.306
RRAS,ENSG00000126458,WBGene00223021,Bma-ras-1,Bm2760a.2,52.7523
MRAS,ENSG00000158186,WBGene00223677,Bma-ras-2,Bm3416.1,58.1731
WDR7,ENSG00000091157,WBGene00227075,Bma-rbc-2,Bm6814.1,30.8725
KDM5B,ENSG00000117139,WBGene00227759,Bma-rbr-2,Bm7498.1,24.6835
ZIC3,ENSG00000156925,WBGene00228135,Bma-ref-2,Bm7874.1,28.2655
NEXMIF,ENSG00000050030,WBGene00226638,Bma-rev-3,Bm6377a.1,6.59631
UBA3,ENSG00000144744,WBGene00223577,Bma-rfl-1,Bm3316.1,46.4363
RASGRP3,ENSG00000152689,WBGene00223819,Bma-rgef-1,Bm3558.1,33.913
RGL1,ENSG00000143344,WBGene00223923,Bma-rgl-1,Bm3662.2,28.6426
RGS21,ENSG00000253148,WBGene00222963,Bma-rgs-6,Bm2702.1,20.3947
RGS21,ENSG00000253148,WBGene00224721,Bma-rgs-7,Bm4460.1,37.5
DHX9,ENSG00000135829,WBGene00225911,Bma-rha-1,Bm5650b.1,41.7323
DHX37,ENSG00000150990,WBGene00222274,Bma-rha-2,Bm2013.1,37.7701
RHEB,ENSG00000106615,WBGene00224608,Bma-rheb-1,Bm4347.1,46.7391
CNTN3,ENSG00000113805,WBGene00225216,Bma-rig-1,Bm4955b.1,12.1595
CNTN2,ENSG00000184144,WBGene00223169,Bma-rig-3,Bm2908.1,7.21154
RUNX3,ENSG00000020633,WBGene00222060,Bma-rnt-1,Bm1799a.1,20.5128
ROS1,ENSG00000047936,WBGene00222517,Bma-rol-3,Bm2256a.1,15.0831
RPS6KA6,ENSG00000072133,WBGene00228864,Bma-rskn-1,Bm8603.1,55.302
RPS6KA6,ENSG00000072133,WBGene00223197,Bma-rskn-2,Bm2936.1,36.6443
RPS6KB2,ENSG00000175634,WBGene00226858,Bma-rsks-1,Bm6597.1,52.0747
RXRG,ENSG00000143171,WBGene00224250,Bma-rxr-1,Bm3989a.1,35.8531
SACM1L,ENSG00000211456,WBGene00234182,Bma-sac-1,Bm13921.1,42.0784
BRSK2,ENSG00000174672,WBGene00223641,Bma-sad-1,Bm3380a.1,47.9112
SAR1B,ENSG00000152700,WBGene00233918,Bma-sar-1,Bm13657a.1,66.6667
CNTN6,ENSG00000134115,WBGene00227726,Bma-sax-3,Bm7465a.1,20.7198
CNTN2,ENSG00000184144,WBGene00222569,Bma-sax-7.1,Bm2308.1,15.4808
ROBO4,ENSG00000154133,WBGene00228273,Bma-sax-7.2,Bm8012.1,2.87984
ATP2A3,ENSG00000074370,WBGene00225264,Bma-sca-1,Bm5003b.1,64.8289
LTK,ENSG00000062524,WBGene00225981,Bma-scd-2,Bm5720.1,20.4861
VIPR1,ENSG00000114812,WBGene00222554,Bma-seb-3,Bm2293a.1,22.7571
MAP3K2,ENSG00000169967,WBGene00225458,Bma-sek-1,Bm5197a.1,11.4701
MAP2K4,ENSG00000065559,WBGene00229612,Bma-sek-3,Bm9351.1,36.8293
PSEN2,ENSG00000143801,WBGene00224117,Bma-sel-12,Bm3856a.1,47.3214
TNNI3K,ENSG00000116783,WBGene00222592,Bma-sel-15,Bm2331a.1,45.3892
AAK1,ENSG00000115977,WBGene00232851,Bma-sel-5,Bm12590b.1,19.0427
HTR2C,ENSG00000147246,WBGene00224850,Bma-ser-1,Bm4589a.1,25.3275
TAAR8,ENSG00000146385,WBGene00269103,Bma-ser-2,Bm17961a.1,25.1462
TAAR8,ENSG00000146385,WBGene00228089,Bma-ser-4,Bm7828.1,27.4854
HTR1D,ENSG00000179546,WBGene00222347,Bma-ser-7,Bm2086.1,27.5862
EHMT1,ENSG00000181090,WBGene00230701,Bma-set-11,Bm10440a.1,14.0986
SETD1A,ENSG00000099381,WBGene00226002,Bma-set-16,Bm5741a.1,8.90451
SETD1A,ENSG00000099381,WBGene00235103,Bma-set-2,Bm15489b.1,12.0094
SFRP2,ENSG00000145423,WBGene00227359,Bma-sfrp-1,Bm7098a.1,34.9153
KCNA10,ENSG00000143105,WBGene00227932,Bma-shk-1,Bm7671c.1,39.3346
KCNA10,ENSG00000143105,WBGene00227358,Bma-shl-1,Bm7097a.1,28.5714
KCNC1,ENSG00000129159,WBGene00228047,Bma-shw-1,Bm7786.1,22.0513
KCNC1,ENSG00000129159,WBGene00222940,Bma-shw-3,Bm2679.1,35.5556
SIRT1,ENSG00000096717,WBGene00220679,Bma-sir-2.1,Bm418a.1,26.6399
SIRT7,ENSG00000187531,WBGene00224421,Bma-sir-2.4.1,Bm4160.1,35.5
SIRT6,ENSG00000077463,WBGene00222258,Bma-sir-2.4.2,Bm1997a.1,38.0282
KCNMA1,ENSG00000156113,WBGene00226980,Bma-slo-1,Bm6719a.1,49.7573
KCNMA1,ENSG00000156113,WBGene00223450,Bma-slo-2,Bm3189.1,4.85437
SPTBN5,ENSG00000137877,WBGene00225658,Bma-sma-1,Bm5397.1,28.8514
SMAD9,ENSG00000120693,WBGene00227720,Bma-sma-2,Bm7459.1,42.3983
SMAD9,ENSG00000120693,WBGene00225644,Bma-sma-3,Bm5383.1,45.3961
SMAD7,ENSG00000101665,WBGene00225620,Bma-sma-4,Bm5359.1,18.0751
MAPK12,ENSG00000188130,WBGene00226464,Bma-sma-5,Bm6203.1,31.8801
TGFBR1,ENSG00000106799,WBGene00222768,Bma-sma-6,Bm2507a.1,34.5168
BOLA2-SMG1P6,ENSG00000261740,WBGene00223091,Bma-smg-1,Bm2830b.1,20.0803
DHX34,ENSG00000134815,WBGene00226662,Bma-smgl-2,Bm6401.1,26.7717
ZRANB3,ENSG00000121988,WBGene00222495,Bma-smrc-1,Bm2234b.1,15.3846
SLC6A7,ENSG00000011083,WBGene00226430,Bma-snf-1,Bm6169a.2,24.2138
SLC6A1,ENSG00000157103,WBGene00225778,Bma-snf-11,Bm5517a.1,49.7496
SLC6A1,ENSG00000157103,WBGene00226019,Bma-snf-3,Bm5758b.1,39.399
SLC6A14,ENSG00000268104,WBGene00225319,Bma-snf-6,Bm5058.1,31.9315
SNRNP40,ENSG00000060688,WBGene00223469,Bma-snrp-40.1,Bm3208.1,56.5826
SOS1,ENSG00000115904,WBGene00226342,Bma-sos-1,Bm6081.1,31.958
SPTAN1,ENSG00000197694,WBGene00225233,Bma-spc-1,Bm4972.1,58.767
KLHL10,ENSG00000161594,WBGene00269203,Bma-spe-26,Bm18063.1,25
PSEN2,ENSG00000143801,WBGene00227748,Bma-spe-4,Bm7487a.2,20.0893
SPHK1,ENSG00000176170,WBGene00222822,Bma-sphk-1,Bm2561.1,24.0426
NLK,ENSG00000087095,WBGene00222077,Bma-spk-1,Bm1816a.1,18.0266
SERPINB2,ENSG00000197632,WBGene00229641,Bma-srp-2,Bm9380.1,22.1687
NRAS,ENSG00000213281,WBGene00222451,Bma-ssr-2,Bm2190a.1,26.9841
STAT1,ENSG00000115415,WBGene00226990,Bma-sta-1,Bm6729a.1,16.9333
HSPA13,ENSG00000155304,WBGene00224610,Bma-stc-1,Bm4349.1,38.6412
CACNG3,ENSG00000006116,WBGene00222561,Bma-stg-1,Bm2300a.1,14.9206
STOML2,ENSG00000165283,WBGene00223966,Bma-stl-1,Bm3705.1,52.809
STOM,ENSG00000148175,WBGene00232650,Bma-sto-2,Bm12389a.1,60.4167
NPHS2,ENSG00000116218,WBGene00224267,Bma-sto-5,Bm4006a.1,26.6319
STRADB,ENSG00000082146,WBGene00227003,Bma-strd-1,Bm6742.1,17.7034
ADAM10,ENSG00000137845,WBGene00223337,Bma-sup-17,Bm3076.1,38.2353
FGFR4,ENSG00000160867,WBGene00226050,Bma-svh-2,Bm5789a.1,15.212
ELF5,ENSG00000135374,WBGene00222789,Bma-svh-5,Bm2528.1,23.0189
ACTL6B,ENSG00000077080,WBGene00234012,Bma-swsn-6,Bm13751.1,49.5305
YBEY,ENSG00000182362,WBGene00222159,Bma-swsn-9,Bm1898a.1,21.5569
TAF1L,ENSG00000122728,WBGene00231384,Bma-taf-1,Bm11123a.1,36.2541
CNGA4,ENSG00000132259,WBGene00224134,Bma-tax-2,Bm3873.1,24.8696
CNGA4,ENSG00000132259,WBGene00227604,Bma-tax-4,Bm7343.1,42.7826
PPP3CB,ENSG00000107758,WBGene00222178,Bma-tax-6,Bm1917a.1,69.7143
TUBB6,ENSG00000176014,WBGene00230640,Bma-tba-5,Bm10379.1,40.8072
TUBB3,ENSG00000258947,WBGene00227844,Bma-tba-8,Bm7583.1,41.1111
TUBB4B,ENSG00000188229,WBGene00233027,Bma-tbb-4,Bm12766.1,93.2584
TUBB6,ENSG00000176014,WBGene00234103,Bma-tbg-1,Bm13842c.1,28.2511
CD109,ENSG00000156535,WBGene00231732,Bma-tep-1,Bm11471c.1,30.2422
BMP8B,ENSG00000116985,WBGene00233036,Bma-tig-2,Bm12775.1,25.8706
CABP5,ENSG00000105507,WBGene00227788,Bma-tnc-2,Bm7527.1,27.7457
TSKU,ENSG00000182704,WBGene00222309,Bma-tol-1,Bm2048.1,27.762
TOP1MT,ENSG00000184428,WBGene00225303,Bma-top-1,Bm5042.1,57.0715
PRKCA,ENSG00000154229,WBGene00231899,Bma-tpa-1,Bm11638.1,39.881
TPH1,ENSG00000129167,WBGene00227917,Bma-tph-1,Bm7656a.1,35.8108
TPP2,ENSG00000134900,WBGene00223762,Bma-tpp-2,Bm3501.1,36.8463
ZIC3,ENSG00000156925,WBGene00226855,Bma-tra-1,Bm6594a.1,18.8437
TRPC4,ENSG00000133107,WBGene00225507,Bma-trp-2,Bm5246b.1,39.4094
TRRAP,ENSG00000196367,WBGene00223071,Bma-trr-1,Bm2810b.1,28.3752
TAAR1,ENSG00000146399,WBGene00223387,Bma-tyra-2,Bm3126.1,23.5988
DRD3,ENSG00000151577,WBGene00225348,Bma-tyra-3,Bm5087.1,19.5
UBA7,ENSG00000182179,WBGene00223079,Bma-uba-1,Bm2818b.1,37.253
UBA2,ENSG00000126261,WBGene00226377,Bma-uba-2,Bm6116.1,44.0625
UBA5,ENSG00000081307,WBGene00225767,Bma-uba-5,Bm5506.1,57.9208
BIRC6,ENSG00000115760,WBGene00222051,Bma-ubc-17,Bm1790a.1,3.89129
UBR5,ENSG00000104517,WBGene00224124,Bma-ubr-5,Bm3863b.1,31.2254
"NAE1",ENSG00000159593,WBGene00222667,Bma-ula-1,Bm2406a.1,34.8231
NPHS2,ENSG00000116218,WBGene00225050,Bma-unc-1,Bm4789.1,30.8094
KCNH2,ENSG00000055118,WBGene00222745,Bma-unc-103,Bm2484a.1,33.3046
KIF1B,ENSG00000054523,WBGene00223161,Bma-unc-104,Bm2900b.1,42.7684
ASIC3,ENSG00000213199,WBGene00222950,Bma-unc-105,Bm2689c.1,21.1293
RAB2A,ENSG00000104388,WBGene00224578,Bma-unc-108,Bm4317a.1,87.7358
KIF5B,ENSG00000170759,WBGene00255501,Bma-unc-116,Bm16923.1,55.3479
UNC119,ENSG00000109103,WBGene00231639,Bma-unc-119,Bm11378a.1,52.9167
SRF,ENSG00000112658,WBGene00223283,Bma-unc-120,Bm3022a.1,22.0472
BMP4,ENSG00000125378,WBGene00224202,Bma-unc-129,Bm3941.1,21.0784
CACNA1A,ENSG00000141837,WBGene00225754,Bma-unc-2,Bm5493c.1,38.6545
STOML1,ENSG00000067221,WBGene00224793,Bma-unc-24,Bm4532a.1,23.3668
SYNJ2,ENSG00000078269,WBGene00224971,Bma-unc-26,Bm4710.1,27.5401
SPTBN1,ENSG00000115306,WBGene00225258,Bma-unc-70,Bm4997.1,29.4416
ADAM11,ENSG00000073670,WBGene00226643,Bma-unc-71,Bm6382.1,26.528
SCNN1B,ENSG00000168447,WBGene00225635,Bma-unc-8,Bm5374.1,20.9375
USP14,ENSG00000101557,WBGene00234180,Bma-usp-14,Bm13919.2,46.9636
USP33,ENSG00000077254,WBGene00227288,Bma-usp-33,Bm7027.1,29.5117
USP50,ENSG00000170236,WBGene00223969,Bma-usp-48,Bm3708.1,18.5629
USP5,ENSG00000111667,WBGene00226295,Bma-usp-5,Bm6034a.1,28.3217
USP18,ENSG00000184979,WBGene00234603,Bma-usp-50,Bm14342a.1,19.3548
EPHA5,ENSG00000145242,WBGene00225332,Bma-vab-1,Bm5071.1,36.9942
DYTN,ENSG00000232125,WBGene00227900,Bma-vab-10,Bm7639a.1,10.8997
KIF25,ENSG00000125337,WBGene00225283,Bma-vab-8,Bm5022a.1,17.7083
SLC18B1,ENSG00000146409,WBGene00224655,Bma-vpat-1.1,Bm4394.1,24.7807
SLC18B1,ENSG00000146409,WBGene00231280,Bma-vpat-1.2,Bm11019.1,28.2895
PIK3C3,ENSG00000078142,WBGene00221946,Bma-vps-34,Bm1685b.1,40.4735
ABCG2,ENSG00000118777,WBGene00223417,Bma-wht-4,Bm3156.1,28.0916
ABCG2,ENSG00000118777,WBGene00226856,Bma-wht-8,Bm6595.1,26.5649
DHH,ENSG00000139549,WBGene00227725,Bma-wrt-6,Bm7464b.1,16.9192
DHH,ENSG00000139549,WBGene00228144,Bma-wrt-9,Bm7883.1,9.09091
WASL,ENSG00000106299,WBGene00222312,Bma-wsp-1,Bm2051.1,29.901
WWP1,ENSG00000123124,WBGene00227236,Bma-wwp-1,Bm6975.1,43.4924
ATRX,ENSG00000085224,WBGene00221963,Bma-xnp-1,Bm1702a.1,15.6902
KIF23,ENSG00000137807,WBGene00225344,Bma-zen-4,Bm5083.1,25
BRD1,ENSG00000100425,WBGene00224640,Bma-zfp-1,Bm4379a.1,9.41968
MMP7,ENSG00000137673,WBGene00224918,Bma-zmp-2,Bm4657a.1,24.3446
MMP7,ENSG00000137673,WBGene00226974,Bma-zmp-3.1,Bm6713.1,13.1086
MMP7,ENSG00000137673,WBGene00222755,Bma-zmp-3.2,Bm2494.1,33.3333
HPX,ENSG00000110169,WBGene00226519,Bma-zmp-4,Bm6258a.1,8.00866
DCLK1,ENSG00000133083,WBGene00227417,Bma-zyg-8,Bm7156.1,37.4324
