wbps_gene_id,external_gene_id
ENSG00000134249,ADAM30
ENSG00000186364,NUDT17
ENSG00000143127,ITGA10
ENSG00000131791,PRKAB2
ENSG00000131778,CHD1L
ENSG00000265107,GJA5
ENSG00000121634,GJA8
ENSG00000203812,H2AC18
ENSG00000272196,H2AC19
ENSG00000184260,H2AC20
ENSG00000184270,H2AC21
ENSG00000159164,SV2A
ENSG00000118298,CA14
ENSG00000117362,APH1A
ENSG00000143384,MCL1
ENSG00000163131,CTSS
ENSG00000143387,CTSK
ENSG00000143379,SETDB1
ENSG00000143398,PIP5K1A
ENSG00000143393,PI4KB
ENSG00000143365,RORC
ENSG00000197747,S100A10
ENSG00000163191,S100A11
ENSG00000143536,CRNN
ENSG00000163220,S100A9
ENSG00000163221,S100A12
ENSG00000143546,S100A8
ENSG00000184330,S100A7A
ENSG00000143556,S100A7
ENSG00000197956,S100A6
ENSG00000196420,S100A5
ENSG00000196154,S100A4
ENSG00000188015,S100A3
ENSG00000196754,S100A2
ENSG00000188643,S100A16
ENSG00000189334,S100A14
ENSG00000189171,S100A13
ENSG00000160678,S100A1
ENSG00000169418,NPR1
ENSG00000160741,CRTC2
ENSG00000143578,CREB3L4
ENSG00000285641,AL358472.6
ENSG00000143545,RAB13
ENSG00000160712,IL6R
ENSG00000160716,CHRNB2
ENSG00000143603,KCNN3
ENSG00000143537,ADAM15
ENSG00000176444,CLK2
ENSG00000143630,HCN3
ENSG00000116539,ASH1L
ENSG00000143622,RIT1
ENSG00000173080,RXFP4
ENSG00000132698,RAB25
ENSG00000160781,PAQR6
ENSG00000189030,VHLL
ENSG00000116604,MEF2D
ENSG00000143320,CRABP2
ENSG00000198400,NTRK1
ENSG00000027644,INSRR
ENSG00000253831,ETV3L
ENSG00000117036,ETV3
ENSG00000073754,CD5L
ENSG00000279111,OR10X1
ENSG00000163554,SPTA1
ENSG00000085552,IGSF9
ENSG00000177807,KCNJ10
ENSG00000162728,KCNJ9
ENSG00000018625,ATP1A2
ENSG00000132681,ATP1A4
ENSG00000158773,USF1
ENSG00000143258,USP21
ENSG00000143224,PPOX
ENSG00000143257,NR1I3
ENSG00000173110,HSPA6
ENSG00000118217,ATF6
ENSG00000198574,SH2D1B
ENSG00000162733,DDR2
ENSG00000132196,HSD17B7
ENSG00000117152,RGS4
ENSG00000143248,RGS5
ENSG00000143171,RXRG
ENSG00000143149,ALDH9A1
ENSG00000143147,GPR161
ENSG00000143185,XCL2
ENSG00000143184,XCL1
ENSG00000198734,F5
ENSG00000174175,SELP
ENSG00000188404,SELL
ENSG00000007908,SELE
ENSG00000197959,DNM3
ENSG00000117560,FASLG
ENSG00000285777,AL139142.2
ENSG00000183831,ANKRD45
ENSG00000076321,KLHL20
ENSG00000117601,SERPINC1
ENSG00000203737,GPR52
ENSG00000143207,COP1
ENSG00000116183,PAPPA2
ENSG00000116191,RALGPS2
ENSG00000143322,ABL2
ENSG00000057252,SOAT1
ENSG00000116218,NPHS2
ENSG00000198216,CACNA1E
ENSG00000121446,RGSL1
ENSG00000143333,RGS16
ENSG00000135824,RGS8
ENSG00000135829,DHX9
ENSG00000143344,RGL1
ENSG00000121481,RNF2
ENSG00000116679,IVNS1ABP
ENSG00000073756,PTGS2
ENSG00000150681,RGS18
ENSG00000253148,RGS21
ENSG00000090104,RGS1
ENSG00000127074,RGS13
ENSG00000116741,RGS2
ENSG00000162687,KCNT2
ENSG00000000971,CFH
ENSG00000116785,CFHR3
ENSG00000244414,CFHR1
ENSG00000134365,CFHR4
ENSG00000080910,CFHR2
ENSG00000134389,CFHR5
ENSG00000143278,F13B
ENSG00000118193,KIF14
ENSG00000170128,GPR25
ENSG00000116852,KIF21B
ENSG00000081248,CACNA1S
ENSG00000176393,RNPEP
ENSG00000163435,ELF3
ENSG00000170075,GPR37L1
ENSG00000143862,ARL8A
ENSG00000117139,KDM5B
ENSG00000117153,KLHL12
ENSG00000159346,ADIPOR1
ENSG00000163485,ADORA1
ENSG00000058668,ATP2B4
ENSG00000158615,PPP1R15B
ENSG00000133056,PIK3C2B
ENSG00000198625,MDM4
ENSG00000163531,NFASC
ENSG00000184144,CNTN2
ENSG00000163545,NUAK2
ENSG00000162873,KLHDC8A
ENSG00000117266,CDK18
ENSG00000158711,ELK4
ENSG00000117280,RAB29
ENSG00000276600,RAB7B
ENSG00000198049,AVPR1B
ENSG00000263528,IKBKE
ENSG00000143479,DYRK3
ENSG00000162889,MAPKAPK2
ENSG00000136634,IL10
ENSG00000142224,IL19
ENSG00000162891,IL20
ENSG00000162892,IL24
ENSG00000123836,PFKFB2
ENSG00000123843,C4BPB
ENSG00000123838,C4BPA
ENSG00000196352,CD55
ENSG00000117322,CR2
ENSG00000203710,CR1
ENSG00000117335,CD46
ENSG00000008118,CAMK1G
ENSG00000117594,HSD11B1
ENSG00000143473,KCNH1
ENSG00000284299,AL590132.1
ENSG00000283952,AC092017.2
ENSG00000082482,KCNK2
ENSG00000196482,ESRRG
ENSG00000092969,TGFB2
ENSG00000143353,LYPLAL1
ENSG00000187554,TLR5
ENSG00000143502,SUSD4
ENSG00000143748,NVL
ENSG00000243709,LEFTY1
ENSG00000143768,LEFTY2
ENSG00000143799,PARP1
ENSG00000143801,PSEN2
ENSG00000143776,CDC42BPA
ENSG00000143761,ARF1
ENSG00000198835,GJC2
ENSG00000181218,H2AW
ENSG00000116574,RHOU
ENSG00000168118,RAB4A
ENSG00000143632,ACTA1
ENSG00000135776,ABCB10
ENSG00000135744,AGT
ENSG00000143674,MAP3K21
ENSG00000135750,KCNK1
ENSG00000077522,ACTN2
ENSG00000133019,CHRM3
ENSG00000182901,RGS7
ENSG00000117009,KMO
ENSG00000117020,AKT3
ENSG00000203666,EFCAB2
ENSG00000162849,KIF26B
ENSG00000162711,NLRP3
ENSG00000261456,TUBB8
ENSG00000178462,TUBAL3
ENSG00000178372,CALML5
ENSG00000178363,CALML3
ENSG00000170525,PFKFB3
ENSG00000065675,PRKCQ
ENSG00000165609,NUDT5
ENSG00000183049,CAMK1D
ENSG00000123240,OPTN
ENSG00000187522,HSPA14
ENSG00000152455,SUV39H2
ENSG00000077943,ITGA8
ENSG00000107611,CUBN
ENSG00000107614,TRDMT1
ENSG00000165997,ARL5B
ENSG00000078403,MLLT10
ENSG00000269897,COMMD3-BMI1
ENSG00000168283,BMI1
ENSG00000150867,PIP4K2A
ENSG00000165309,ARMC3
ENSG00000099246,RAB18
ENSG00000169126,ARMC4
ENSG00000107968,MAP3K8
ENSG00000170759,KIF5B
ENSG00000150093,ITGB1
ENSG00000099250,NRP1
ENSG00000095794,CREM
ENSG00000177291,GJD4
ENSG00000177283,FZD8
ENSG00000165731,RET
ENSG00000198915,RASGEF1A
ENSG00000012779,ALOX5
ENSG00000188234,AGAP4
ENSG00000204174,NPY4R
ENSG00000266524,GDF10
ENSG00000263761,GDF2
ENSG00000204172,AGAP9
ENSG00000264717,NPY4R2
ENSG00000107643,MAPK8
ENSG00000225830,ERCC6
ENSG00000070748,CHAT
ENSG00000187714,SLC18A3
ENSG00000204149,AGAP6
ENSG00000185532,PRKG1
ENSG00000165449,SLC16A9
ENSG00000170312,CDK1
ENSG00000072422,RHOBTB1
ENSG00000198739,LRRTM3
ENSG00000096717,SIRT1
ENSG00000148634,HERC4
ENSG00000179774,ATOH7
ENSG00000156510,HKDC1
ENSG00000156515,HK1
ENSG00000075073,TACR2
ENSG00000122859,NEUROG3
ENSG00000099284,MACROH2A2
ENSG00000079332,SAR1A
ENSG00000148734,NPFFR1
ENSG00000156574,NODAL
ENSG00000180644,PRF1
ENSG00000156026,MCU
ENSG00000107758,PPP3CB
ENSG00000172650,AGAP5
ENSG00000148660,CAMK2G
ENSG00000156110,ADK
ENSG00000156650,KAT6B
ENSG00000156113,KCNMA1
ENSG00000204033,LRIT2
ENSG00000148604,RGR
ENSG00000182771,GRID1
ENSG00000107779,BMPR1A
ENSG00000182333,LIPF
ENSG00000204021,LIPK
ENSG00000204020,LIPN
ENSG00000173239,LIPM
ENSG00000152766,ANKRD22
ENSG00000107796,ACTA2
ENSG00000138135,CH25H
ENSG00000107798,LIPA
ENSG00000152779,SLC16A12
ENSG00000148680,HTR7
ENSG00000180628,PCGF5
ENSG00000165338,HECTD2
ENSG00000107854,TNKS2
ENSG00000095564,BTAF1
ENSG00000138160,KIF11
ENSG00000186188,FFAR4
ENSG00000095464,PDE6C
ENSG00000119969,HELLS
ENSG00000108242,CYP2C18
ENSG00000276490,AL583836.1
ENSG00000165841,CYP2C19
ENSG00000138109,CYP2C9
ENSG00000107443,CCNJ
ENSG00000095587,TLL2
ENSG00000120057,SFRP5
ENSG00000138131,LOXL4
ENSG00000023839,ABCC2
ENSG00000213341,CHUK
ENSG00000107593,PKD2L1
ENSG00000099194,SCD
ENSG00000107831,FGF8
ENSG00000107862,GBF1
ENSG00000077150,NFKB2
ENSG00000059915,PSD
ENSG00000138107,ACTR1A
ENSG00000138175,ARL3
ENSG00000156374,PCGF6
ENSG00000065613,SLK
ENSG00000150594,ADRA2A
ENSG00000043591,ADRB1
ENSG00000186795,KCNK18
ENSG00000165646,SLC18A2
ENSG00000119973,PRLHR
ENSG00000198873,GRK5
ENSG00000148908,RGS10
ENSG00000198825,INPP5F
ENSG00000066468,FGFR2
ENSG00000138162,TACC2
ENSG00000187908,DMBT1
ENSG00000138161,CUZD1
ENSG00000286088,AC073585.1
ENSG00000196177,ACADSB
ENSG00000065154,OAT
ENSG00000154485,MMP21
ENSG00000089876,DHX32
ENSG00000148848,ADAM12
ENSG00000171813,PWWP2B
ENSG00000197177,ADGRA1
ENSG00000151651,ADAM8
ENSG00000148832,PAOX
ENSG00000254536,AL360181.3
ENSG00000214279,SCART1
ENSG00000130649,CYP2E1
ENSG00000142082,SIRT3
ENSG00000174885,NLRP6
ENSG00000185101,ANO9
ENSG00000174775,HRAS
ENSG00000069696,DRD4
ENSG00000174672,BRSK2
ENSG00000180176,TH
ENSG00000070985,TRPM5
ENSG00000053918,KCNQ1
ENSG00000129757,CDKN1C
ENSG00000182170,MRGPRG
ENSG00000184350,MRGPRE
ENSG00000129749,CHRNA10
ENSG00000177105,RHOG
ENSG00000280021,OR51F1
ENSG00000184478,OR56A3
ENSG00000183389,OR56A4
ENSG00000132259,CNGA4
ENSG00000110148,CCKBR
ENSG00000110169,HPX
ENSG00000166333,ILK
ENSG00000158077,NLRP14
ENSG00000182261,NLRP10
ENSG00000130413,STK33
ENSG00000184014,DENND5A
ENSG00000166483,WEE1
ENSG00000254598,CSNK2A3
ENSG00000170242,USP47
ENSG00000133816,MICAL2
ENSG00000133818,RRAS2
ENSG00000152270,PDE3B
ENSG00000186104,CYP2R1
ENSG00000011405,PIK3C2A
ENSG00000187486,KCNJ11
ENSG00000006071,ABCC8
ENSG00000129159,KCNC1
ENSG00000129167,TPH1
ENSG00000179826,MRGPRX3
ENSG00000179817,MRGPRX4
ENSG00000134333,LDHA
ENSG00000166796,LDHC
ENSG00000170255,MRGPRX1
ENSG00000183695,MRGPRX2
ENSG00000185238,PRMT3
ENSG00000165970,SLC6A5
ENSG00000171714,ANO5
ENSG00000134343,ANO3
ENSG00000121621,KIF18A
ENSG00000182255,KCNA4
ENSG00000110422,HIPK3
ENSG00000135374,ELF5
ENSG00000135373,EHF
ENSG00000110436,SLC1A2
ENSG00000149090,PAMR1
ENSG00000148948,LRRC4C
ENSG00000149084,HSD17B12
ENSG00000157613,CREB3L1
ENSG00000149091,DGKZ
ENSG00000180720,CHRM4
ENSG00000180210,F2
ENSG00000149182,ARFGAP2
ENSG00000025434,NR1H3
ENSG00000066336,SPI1
ENSG00000181718,OR5T2
ENSG00000172489,OR5T3
ENSG00000181698,OR5T1
ENSG00000174914,OR9G1
ENSG00000134817,APLNR
ENSG00000109991,P2RX3
ENSG00000186907,RTN4RL2
ENSG00000149131,SERPING1
ENSG00000233436,BTBD18
ENSG00000183134,PTGDR2
ENSG00000013725,CD6
ENSG00000110448,CD5
ENSG00000134824,FADS2
ENSG00000149485,FADS1
ENSG00000221968,FADS3
ENSG00000168539,CHRM1
ENSG00000197901,SLC22A6
ENSG00000149452,SLC22A8
ENSG00000149742,SLC22A9
ENSG00000126500,FLRT1
ENSG00000182450,KCNK4
ENSG00000173153,ESRRA
ENSG00000162302,RPS6KA4
ENSG00000197891,SLC22A12
ENSG00000110076,NRXN2
ENSG00000068831,RASGRP2
ENSG00000068976,PYGM
ENSG00000168067,MAP4K2
ENSG00000171219,CDC42BPG
ENSG00000213465,ARL2
ENSG00000273003,ARL2-SNX15
ENSG00000133884,DPF2
ENSG00000173338,KCNK7
ENSG00000173327,MAP3K11
ENSG00000173039,RELA
ENSG00000172977,KAT5
ENSG00000172543,CTSW
ENSG00000175294,CATSPER1
ENSG00000174903,RAB1B
ENSG00000174576,NPAS4
ENSG00000248746,ACTN3
ENSG00000174080,CTSF
ENSG00000173898,SPTBN2
ENSG00000173156,RHOD
ENSG00000173120,KDM2A
ENSG00000173020,GRK2
ENSG00000172531,PPP1CA
ENSG00000175634,RPS6KB2
ENSG00000175514,GPR152
ENSG00000175544,CABP4
ENSG00000167791,CABP2
ENSG00000084207,GSTP1
ENSG00000132746,ALDH3B2
ENSG00000006534,ALDH3B1
ENSG00000110090,CPT1A
ENSG00000172938,MRGPRD
ENSG00000172935,MRGPRF
ENSG00000162341,TPCN2
ENSG00000287725,AP003071.5
ENSG00000110092,CCND1
ENSG00000162344,FGF19
ENSG00000075388,FGF4
ENSG00000186895,FGF3
ENSG00000131620,ANO1
ENSG00000165458,INPPL1
ENSG00000186642,PDE2A
ENSG00000186635,ARAP1
ENSG00000175591,P2RY2
ENSG00000171631,P2RY6
ENSG00000175582,RAB6A
ENSG00000149243,KLHL35
ENSG00000149257,SERPINH1
ENSG00000166391,MOGAT2
ENSG00000062282,DGAT2
ENSG00000137507,LRRC32
ENSG00000182704,TSKU
ENSG00000149269,PAK1
ENSG00000048649,RSF1
ENSG00000118369,USP35
ENSG00000137502,RAB30
ENSG00000174804,FZD4
ENSG00000123892,RAB38
ENSG00000109861,CTSC
ENSG00000168959,GRM5
ENSG00000086991,NOX4
ENSG00000134640,MTNR1B
ENSG00000181333,HEPHL1
ENSG00000110218,PANX1
ENSG00000123901,GPR83
ENSG00000186280,KDM4D
ENSG00000235268,KDM4E
ENSG00000255855,KDM4F
ENSG00000149972,CNTN5
ENSG00000082175,PGR
ENSG00000137672,TRPC6
ENSG00000137693,YAP1
ENSG00000023445,BIRC3
ENSG00000110330,BIRC2
ENSG00000137673,MMP7
ENSG00000137674,MMP20
ENSG00000137675,MMP27
ENSG00000118113,MMP8
ENSG00000196611,MMP1
ENSG00000149968,MMP3
ENSG00000262406,MMP12
ENSG00000137745,MMP13
ENSG00000170962,PDGFD
ENSG00000152578,GRIA4
ENSG00000182359,KBTBD3
ENSG00000152402,GUCY1A2
ENSG00000179331,RAB39A
ENSG00000075239,ACAT1
ENSG00000149311,ATM
ENSG00000170145,SIK2
ENSG00000149294,NCAM1
ENSG00000149295,DRD2
ENSG00000048028,USP28
ENSG00000149305,HTR3B
ENSG00000166736,HTR3A
ENSG00000160584,SIK3
ENSG00000160613,PCSK7
ENSG00000177103,DSCAML1
ENSG00000285827,AP001267.5
ENSG00000118058,KMT2A
ENSG00000160683,CXCR5
ENSG00000149428,HYOU1
ENSG00000188486,H2AX
ENSG00000172350,ABCG4
ENSG00000160703,NLRX1
ENSG00000076706,MCAM
ENSG00000235718,MFRP
ENSG00000036672,USP2
ENSG00000149403,GRIK4
ENSG00000109929,SC5D
ENSG00000109971,HSPA8
ENSG00000154143,PANX3
ENSG00000154134,ROBO3
ENSG00000154133,ROBO4
ENSG00000064309,CDON
ENSG00000134954,ETS1
ENSG00000151702,FLI1
ENSG00000151704,KCNJ1
ENSG00000120457,KCNJ5
ENSG00000084234,APLP2
ENSG00000080854,IGSF9B
ENSG00000151498,ACAD8
ENSG00000120645,IQSEC3
ENSG00000111181,SLC6A12
ENSG00000010379,SLC6A13
ENSG00000073614,KDM5A
ENSG00000006831,ADIPOR2
ENSG00000151067,CACNA1C
ENSG00000111218,PRMT8
ENSG00000111224,PARP11
ENSG00000118971,CCND2
ENSG00000285901,AC008012.1
ENSG00000118972,FGF23
ENSG00000111241,FGF6
ENSG00000010219,DYRK4
ENSG00000272921,AC005832.4
ENSG00000151079,KCNA6
ENSG00000111262,KCNA1
ENSG00000130037,KCNA5
ENSG00000047617,ANO2
ENSG00000111319,SCNN1A
ENSG00000111640,GAPDH
ENSG00000285238,AC006064.6
ENSG00000111642,CHD4
ENSG00000184574,LPAR5
ENSG00000111667,USP5
ENSG00000111684,LPCAT3
ENSG00000177575,CD163
ENSG00000184344,GDF3
ENSG00000173262,SLC2A14
ENSG00000059804,SLC2A3
ENSG00000171860,C3AR1
ENSG00000175899,A2M
ENSG00000060140,STYK1
ENSG00000060138,YBX3
ENSG00000139083,ETV6
ENSG00000183150,GPR19
ENSG00000111276,CDKN1B
ENSG00000273079,GRIN2B
ENSG00000070019,GUCY2C
ENSG00000246705,H2AJ
ENSG00000139055,ERP27
ENSG00000139053,PDE6H
ENSG00000134533,RERG
ENSG00000111404,RERGL
ENSG00000139144,PIK3C2G
ENSG00000139154,AEBP2
ENSG00000172572,PDE3A
ENSG00000285854,AC010197.2
ENSG00000111716,LDHB
ENSG00000121361,KCNJ8
ENSG00000069431,ABCC9
ENSG00000133703,KRAS
ENSG00000087448,KLHL42
ENSG00000170456,DENND5B
ENSG00000087470,DNM1L
ENSG00000139116,KIF21A
ENSG00000151229,SLC2A13
ENSG00000188906,LRRK2
ENSG00000018236,CNTN1
ENSG00000198001,IRAK4
ENSG00000177119,ANO6
ENSG00000079337,RAPGEF3
ENSG00000061273,HDAC7
ENSG00000111424,VDR
ENSG00000174233,ADCY6
ENSG00000172602,RND1
ENSG00000272822,AC073610.2
ENSG00000134287,ARF3
ENSG00000181929,PRKAG1
ENSG00000167548,KMT2D
ENSG00000167550,RHEBL1
ENSG00000139549,DHH
ENSG00000123416,TUBA1B
ENSG00000167552,TUBA1A
ENSG00000167553,TUBA1C
ENSG00000135519,KCNH3
ENSG00000167580,AQP2
ENSG00000161798,AQP5
ENSG00000086159,AQP6
ENSG00000110881,ASIC1
ENSG00000123268,ATF1
ENSG00000139610,CELA1
ENSG00000196876,SCN8A
ENSG00000139567,ACVRL1
ENSG00000135503,ACVR1B
ENSG00000123358,NR4A1
ENSG00000167780,SOAT2
ENSG00000139626,ITGB7
ENSG00000172819,RARG
ENSG00000135409,AMHR2
ENSG00000139625,MAP3K12
ENSG00000123405,NFE2
ENSG00000139572,GPR84
ENSG00000161638,ITGA5
ENSG00000123360,PDE1B
ENSG00000123307,NEUROD4
ENSG00000135424,ITGA7
ENSG00000135437,RDH5
ENSG00000135414,GDF11
ENSG00000123342,MMP19
ENSG00000065357,DGKA
ENSG00000123374,CDK2
ENSG00000111540,RAB5B
ENSG00000065361,ERBB3
ENSG00000170581,STAT2
ENSG00000135517,MIP
ENSG00000076108,BAZ2A
ENSG00000025423,HSD17B6
ENSG00000170426,SDR9C7
ENSG00000139547,RDH16
ENSG00000166888,STAT6
ENSG00000175189,INHBC
ENSG00000139269,INHBE
ENSG00000111087,GLI1
ENSG00000155980,KIF5A
ENSG00000166908,PIP4K2C
ENSG00000135439,AGAP2
ENSG00000135446,CDK4
ENSG00000111012,CYP27B1
ENSG00000118596,SLC16A7
ENSG00000135655,USP15
ENSG00000061987,MON2
ENSG00000111110,PPM1H
ENSG00000166148,AVPR1A
ENSG00000183735,TBK1
ENSG00000090376,IRAK3
ENSG00000127311,HELB
ENSG00000127334,DYRK2
ENSG00000111536,IL26
ENSG00000127314,RAP1B
ENSG00000135679,MDM2
ENSG00000135643,KCNMB4
ENSG00000080371,RAB21
ENSG00000139287,TPH2
ENSG00000072657,TRHDE
ENSG00000166006,KCNC2
ENSG00000139304,PTPRQ
ENSG00000072041,SLC6A15
ENSG00000139323,POC1B
ENSG00000070961,ATP2B1
ENSG00000011465,DCN
ENSG00000120798,NR2C1
ENSG00000136014,USP44
ENSG00000111144,LTA4H
ENSG00000111145,ELK3
ENSG00000059758,CDK17
ENSG00000139350,NEDD1
ENSG00000075089,ACTR6
ENSG00000012504,NR1H4
ENSG00000139354,GAS2L3
ENSG00000151572,ANO4
ENSG00000120805,ARL1
ENSG00000166211,SPIC
ENSG00000171759,PAH
ENSG00000166598,HSP90B1
ENSG00000136010,ALDH1L2
ENSG00000136044,APPL2
ENSG00000074590,NUAK1
ENSG00000174600,CMKLR1
ENSG00000166111,SVOP
ENSG00000135093,USP30
ENSG00000151148,UBE3B
ENSG00000111199,TRPV4
ENSG00000139436,GIT2
ENSG00000174437,ATP2A2
ENSG00000186298,PPP1CC
ENSG00000111271,ACAD10
ENSG00000257767,AC002996.1
ENSG00000111275,ALDH2
ENSG00000089022,MAPKAPK5
ENSG00000173064,HECTD4
ENSG00000186815,TPCN1
ENSG00000089250,NOS1
ENSG00000171435,KSR2
ENSG00000176834,VSIG10
ENSG00000135090,TAOK3
ENSG00000111725,PRKAB1
ENSG00000122966,CIT
ENSG00000111737,RAB35
ENSG00000089163,SIRT4
ENSG00000157782,CABP1
ENSG00000175970,UNC119B
ENSG00000122971,ACADS
ENSG00000089041,P2RX7
ENSG00000135124,P2RX4
ENSG00000110931,CAMKK2
ENSG00000089094,KDM2B
ENSG00000276045,ORAI1
ENSG00000139725,RHOF
ENSG00000139718,SETD1B
ENSG00000182782,HCAR2
ENSG00000255398,HCAR3
ENSG00000196917,HCAR1
ENSG00000150967,ABCB9
ENSG00000150990,DHX37
ENSG00000111432,FZD10
ENSG00000111452,ADGRD1
ENSG00000198598,MMP17
ENSG00000183495,EP400
ENSG00000187848,P2RX2
ENSG00000198033,TUBA3C
ENSG00000121743,GJA3
ENSG00000165474,GJB2
ENSG00000121742,GJB6
ENSG00000102678,FGF9
ENSG00000075673,ATP12A
ENSG00000132964,CDK8
ENSG00000132975,GPR12
ENSG00000122035,RASL11A
ENSG00000122025,FLT3
ENSG00000102755,FLT1
ENSG00000120694,HSPH1
ENSG00000133105,RXFP2
ENSG00000133083,DCLK1
ENSG00000133101,CCNA1
ENSG00000120693,SMAD9
ENSG00000180138,CSNK1A1L
ENSG00000133107,TRPC4
ENSG00000150893,FREM2
ENSG00000133115,STOML3
ENSG00000120690,ELF1
ENSG00000165572,KBTBD6
ENSG00000120696,KBTBD7
ENSG00000102780,DGKH
ENSG00000120659,TNFSF11
ENSG00000102468,HTR2A
ENSG00000139679,LPAR6
ENSG00000152207,CYSLTR2
ENSG00000102539,MLNR
ENSG00000136169,SETDB2
ENSG00000152213,ARL11
ENSG00000123179,EBPL
ENSG00000253309,SERPINE3
ENSG00000102796,DHRS12
ENSG00000123191,ATP7B
ENSG00000150361,KLHL1
ENSG00000136160,EDNRB
ENSG00000125257,ABCC4
ENSG00000165621,OXGR1
ENSG00000125249,RAP2A
ENSG00000102572,STK24
ENSG00000125245,GPR18
ENSG00000139800,ZIC5
ENSG00000043355,ZIC2
ENSG00000102452,"NALCN"
ENSG00000198542,ITGBL1
ENSG00000102466,FGF14
ENSG00000134900,TPP2
ENSG00000185950,IRS2
ENSG00000139832,RAB20
ENSG00000185974,GRK1
ENSG00000257115,OR11H12
ENSG00000258453,OR11H2
ENSG00000196832,OR11G2
ENSG00000176219,OR11H6
ENSG00000258806,OR11H7
ENSG00000176198,OR11H4
ENSG00000129484,PARP2
ENSG00000129566,TEP1
ENSG00000185271,KLHL33
ENSG00000100888,CHD8
ENSG00000129472,RAB2B
ENSG00000100439,ABHD4
ENSG00000157227,MMP14
ENSG00000139890,REM2
ENSG00000129473,BCL2L2
ENSG00000092096,SLC22A17
ENSG00000100867,DHRS2
ENSG00000157326,DHRS4
ENSG00000187630,DHRS4L2
ENSG00000139908,TSSK4
ENSG00000100938,GMPR2
ENSG00000092295,TGM1
ENSG00000157379,DHRS1
ENSG00000213906,LTB4R2
ENSG00000213903,LTB4R
ENSG00000129467,ADCY4
ENSG00000129465,RIPK3
ENSG00000184304,PRKD1
ENSG00000092148,HECTD1
ENSG00000214943,GPR33
ENSG00000151322,NPAS3
ENSG00000198604,BAZ1A
ENSG00000100906,NFKBIA
ENSG00000139874,SSTR1
ENSG00000179454,KLHL28
ENSG00000165527,ARF6
ENSG00000100485,SOS2
ENSG00000100490,CDKL1
ENSG00000012983,MAP4K5
ENSG00000100504,PYGL
ENSG00000139921,TMX1
ENSG00000168229,PTGDR
ENSG00000125384,PTGER2
ENSG00000125378,BMP4
ENSG00000131966,ACTR10
ENSG00000100612,DHRS7
ENSG00000100614,PPM1A
ENSG00000027075,PRKCH
ENSG00000258989,AL355916.3
ENSG00000100644,HIF1A
ENSG00000140015,KCNH5
ENSG00000126785,RHOJ
ENSG00000054654,SYNE2
ENSG00000140009,ESR2
ENSG00000126803,HSPA2
ENSG00000070182,SPTB
ENSG00000176153,GPX2
ENSG00000139998,RAB15
ENSG00000258466,AL049779.1
ENSG00000072042,RDH11
ENSG00000139988,RDH12
ENSG00000072110,ACTN1
ENSG00000100647,SUSD6
ENSG00000100678,SLC8A3
ENSG00000139985,ADAM21
ENSG00000134007,ADAM20
ENSG00000006432,MAP3K9
ENSG00000182732,RGS6
ENSG00000205683,DPF3
ENSG00000119599,DCAF4
ENSG00000080815,PSEN1
ENSG00000119723,COQ6
ENSG00000119711,ALDH6A1
ENSG00000119682,AREL1
ENSG00000119699,TGFB3
ENSG00000119715,ESRRB
ENSG00000021645,NRXN3
ENSG00000185070,FLRT2
ENSG00000140030,GPR65
ENSG00000100433,KCNK10
ENSG00000152315,KCNK13
ENSG00000198668,CALM1
ENSG00000100784,RPS6KA5
ENSG00000119714,GPR68
ENSG00000165934,CPSF2
ENSG00000140093,SERPINA10
ENSG00000170099,SERPINA6
ENSG00000258597,SERPINA2
ENSG00000197249,SERPINA1
ENSG00000186910,SERPINA11
ENSG00000170054,SERPINA9
ENSG00000165953,SERPINA12
ENSG00000100665,SERPINA4
ENSG00000188488,SERPINA5
ENSG00000196136,SERPINA3
ENSG00000165959,CLMN
ENSG00000176438,SYNE3
ENSG00000168398,BDKRB2
ENSG00000100739,BDKRB1
ENSG00000100749,VRK1
ENSG00000080824,HSP90AA1
ENSG00000080823,MOK
ENSG00000198752,CDC42BPB
ENSG00000156414,TDRD9
ENSG00000066735,KIF26A
ENSG00000142208,AKT1
ENSG00000183828,NUDT14
ENSG00000114062,UBE3A
ENSG00000166206,GABRB3
ENSG00000186297,GABRA5
ENSG00000182256,GABRG3
ENSG00000104044,OCA2
ENSG00000128731,HERC2
ENSG00000166664,CHRFAM7A
ENSG00000134160,TRPM1
ENSG00000175344,CHRNA7
ENSG00000184984,CHRM5
ENSG00000159248,GJD2
ENSG00000159251,ACTC1
ENSG00000172575,RASGRP1
ENSG00000128829,EIF2AK4
ENSG00000137843,PAK6
ENSG00000128928,IVD
ENSG00000104140,RHOV
ENSG00000128908,INO80
ENSG00000062524,LTK
ENSG00000092445,TYRO3
ENSG00000137802,MAPKBP1
ENSG00000137877,SPTBN5
ENSG00000128881,TTBK2
ENSG00000166947,EPB42
ENSG00000104055,TGM5
ENSG00000159495,TGM7
ENSG00000168803,ADAL
ENSG00000166762,CATSPER2
ENSG00000167004,PDIA3
ENSG00000140279,DUOX2
ENSG00000137857,DUOX1
ENSG00000171763,SPATA5L1
ENSG00000140285,FGF7
ENSG00000138592,USP8
ENSG00000170236,USP50
ENSG00000092439,TRPM7
ENSG00000137869,CYP19A1
ENSG00000069956,MAPK6
ENSG00000069974,RAB27A
ENSG00000166450,PRTG
ENSG00000069869,NEDD4
ENSG00000140262,TCF12
ENSG00000128918,ALDH1A2
ENSG00000103569,AQP9
ENSG00000137845,ADAM10
ENSG00000157456,CCNB2
ENSG00000171989,LDHAL6B
ENSG00000069667,RORA
ENSG00000166128,RAB8B
ENSG00000138613,APH1B
ENSG00000074410,CA12
ENSG00000140455,USP3
ENSG00000035664,DAPK2
ENSG00000169118,CSNK1G1
ENSG00000103710,RASL12
ENSG00000234438,KBTBD13
ENSG00000174498,IGDCC3
ENSG00000103742,IGDCC4
ENSG00000074603,DPP8
ENSG00000103769,RAB11A
ENSG00000169032,MAP2K1
ENSG00000137834,SMAD6
ENSG00000166949,SMAD3
ENSG00000137764,MAP2K5
ENSG00000188779,SKOR1
ENSG00000129007,CALML4
ENSG00000137809,ITGA11
ENSG00000255346,NOX5
ENSG00000137819,PAQR5
ENSG00000137807,KIF23
ENSG00000278570,NR2E3
ENSG00000260729,AC009690.1
ENSG00000213614,HEXA
ENSG00000067141,NEO1
ENSG00000138622,HCN4
ENSG00000129038,LOXL1
ENSG00000067221,STOML1
ENSG00000140459,CYP11A1
ENSG00000179335,CLK3
ENSG00000140465,CYP1A1
ENSG00000140505,CYP1A2
ENSG00000103653,CSK
ENSG00000166426,CRABP1
ENSG00000169684,CHRNA5
ENSG00000080644,CHRNA3
ENSG00000117971,CHRNB4
ENSG00000103811,CTSH
ENSG00000058335,RASGRF1
ENSG00000140379,BCL2A1
ENSG00000073417,PDE8A
ENSG00000140538,NTRK3
ENSG00000140545,MFGE8
ENSG00000166813,KIF7
ENSG00000166825,ANPEP
ENSG00000140577,CRTC3
ENSG00000140564,FURIN
ENSG00000182511,FES
ENSG00000185518,SV2B
ENSG00000279765,AC013394.1
ENSG00000173575,CHD2
ENSG00000185551,NR2F2
ENSG00000140443,IGF1R
ENSG00000068305,MEF2A
ENSG00000184254,ALDH1A3
ENSG00000140479,PCSK6
ENSG00000076344,RGS11
ENSG00000185615,PDIA2
ENSG00000103126,AXIN1
ENSG00000197562,RAB40C
ENSG00000140983,RHOT2
ENSG00000162009,SSTR5
ENSG00000196557,CACNA1H
ENSG00000099769,IGFALS
ENSG00000008710,PKD1
ENSG00000167964,RAB26
ENSG00000167972,ABCA3
ENSG00000162063,CCNF
ENSG00000140992,PDPK1
ENSG00000127564,PKMYT1
ENSG00000162073,PAQR4
ENSG00000008516,MMP25
ENSG00000167984,NLRC3
ENSG00000126602,TRAP1
ENSG00000005339,CREBBP
ENSG00000162104,ADCY9
ENSG00000126603,GLIS2
ENSG00000168140,VASN
ENSG00000103415,HMOX2
ENSG00000183044,ABAT
ENSG00000187555,USP7
ENSG00000183454,GRIN2A
ENSG00000179583,CIITA
ENSG00000153066,TXNDC11
ENSG00000186260,MRTFB
ENSG00000103222,ABCC1
ENSG00000091262,ABCC6
ENSG00000157106,SMG1
ENSG00000180269,GPR139
ENSG00000169340,PDILT
ENSG00000103404,USP31
ENSG00000166828,SCNN1G
ENSG00000168447,SCNN1B
ENSG00000166851,PLK1
ENSG00000134398,ERN2
ENSG00000166501,PRKCB
ENSG00000006116,CACNG3
ENSG00000103375,AQP8
ENSG00000196296,ATP2A1
ENSG00000261740,BOLA2-SMG1P6
ENSG00000079616,KIF22
ENSG00000174938,SEZ6L2
ENSG00000149930,TAOK2
ENSG00000149923,PPP4C
ENSG00000102882,MAPK3
ENSG00000005844,ITGAL
ENSG00000080603,SRCAP
ENSG00000282034,AC106886.6
ENSG00000156873,PHKG2
ENSG00000175938,ORAI3
ENSG00000099381,SETD1A
ENSG00000103507,BCKDK
ENSG00000103510,KAT8
ENSG00000089280,FUS
ENSG00000169896,ITGAM
ENSG00000140678,ITGAX
ENSG00000156886,ITGAD
ENSG00000140795,MYLK3
ENSG00000171208,NETO2
ENSG00000140798,ABCC12
ENSG00000121281,ADCY7
ENSG00000166164,BRD7
ENSG00000167207,NOD2
ENSG00000177200,CHD9
ENSG00000087245,MMP2
ENSG00000103546,SLC6A2
ENSG00000198848,CES1
ENSG00000159398,CES5A
ENSG00000140853,NLRC5
ENSG00000102962,CCL22
ENSG00000006210,CX3CL1
ENSG00000102970,CCL17
ENSG00000159618,ADGRG5
ENSG00000205336,ADGRG1
ENSG00000182885,ADGRG3
ENSG00000140859,KIFC3
ENSG00000070729,CNGB1
ENSG00000102996,MMP15
ENSG00000070770,CSNK2A2
ENSG00000166548,TK2
ENSG00000159593,"NAE1"
ENSG00000168748,CA7
ENSG00000172840,PDP2
ENSG00000166592,RRAD
ENSG00000172831,CES2
ENSG00000172828,CES3
ENSG00000172824,CES4A
ENSG00000135740,SLC9A5
ENSG00000176387,HSD11B2
ENSG00000188038,NRN1L
ENSG00000159792,PSKH1
ENSG00000132600,PRMT7
ENSG00000181019,NQO1
ENSG00000198373,WWP2
ENSG00000277481,PKD1L3
ENSG00000102967,DHODH
ENSG00000140829,DHX38
ENSG00000168404,MLKL
ENSG00000152910,CNTNAP4
ENSG00000287694,AC106741.1
ENSG00000186153,WWOX
ENSG00000166473,PKD1L2
ENSG00000261609,GAN
ENSG00000086696,HSD17B2
ENSG00000140943,MBTPS1
ENSG00000103160,HSDL1
ENSG00000168418,KCNG4
ENSG00000064270,ATP2C2
ENSG00000135686,KLHL36
ENSG00000103194,USP10
ENSG00000174990,CA5A
ENSG00000103335,PIEZO1
ENSG00000259803,SLC22A31
ENSG00000185324,CDK10
ENSG00000258839,MC1R
ENSG00000198211,AC092143.1
ENSG00000258947,TUBB3
ENSG00000132376,INPP5K
ENSG00000167716,WDR81
ENSG00000167711,SERPINF2
ENSG00000132386,SERPINF1
ENSG00000185924,RTN4RL1
ENSG00000007168,PAFAH1B1
ENSG00000167723,TRPV3
ENSG00000196689,TRPV1
ENSG00000257950,P2RX5-TAX1BP3
ENSG00000083454,P2RX5
ENSG00000083457,ITGAE
ENSG00000177602,HASPIN
ENSG00000004660,CAMKK1
ENSG00000108405,P2RX1
ENSG00000074370,ATP2A3
ENSG00000188176,SMTNL2
ENSG00000161905,ALOX15
ENSG00000129219,PLD2
ENSG00000141503,MINK1
ENSG00000108556,CHRNE
ENSG00000185245,GP1BA
ENSG00000129250,KIF1C
ENSG00000129204,USP6
ENSG00000005100,DHX33
ENSG00000091592,NLRP1
ENSG00000141485,SLC13A5
ENSG00000108839,ALOX12
ENSG00000174327,SLC16A13
ENSG00000174326,SLC16A11
ENSG00000072778,ACADVL
ENSG00000181856,SLC2A4
ENSG00000006047,YBX2
ENSG00000072818,ACAP1
ENSG00000174292,TNK1
ENSG00000262481,TMEM256-PLSCR3
ENSG00000205544,TMEM256
ENSG00000169992,NLGN2
ENSG00000161958,FGF11
ENSG00000170175,CHRNB1
ENSG00000141510,TP53
ENSG00000132510,KDM6B
ENSG00000170004,CHD3
ENSG00000132518,GUCY2D
ENSG00000179593,ALOX15B
ENSG00000179477,ALOX12B
ENSG00000179148,ALOXE3
ENSG00000178999,AURKB
ENSG00000154914,USP43
ENSG00000184544,DHRS7C
ENSG00000065325,GLP2R
ENSG00000065559,MAP2K4
ENSG00000141052,MYOCD
ENSG00000170425,ADORA2B
ENSG00000187688,TRPV2
ENSG00000108551,RASD1
ENSG00000072310,SREBF1
ENSG00000166484,MAPK7
ENSG00000072210,ALDH3A2
ENSG00000108602,ALDH3A1
ENSG00000124422,USP22
ENSG00000109016,DHRS7B
ENSG00000034152,MAP2K3
ENSG00000184185,KCNJ12
ENSG00000260458,KCNJ18
ENSG00000141068,KSR1
ENSG00000007171,NOS2
ENSG00000087095,NLK
ENSG00000007216,SLC13A2
ENSG00000109103,UNC119
ENSG00000167524,RSKR
ENSG00000109113,RAB34
ENSG00000063015,SEZ6
ENSG00000160551,TAOK1
ENSG00000108262,GIT1
ENSG00000108576,SLC6A4
ENSG00000184060,ADAP2
ENSG00000126858,RHOT1
ENSG00000108684,ASIC2
ENSG00000108691,CCL2
ENSG00000108688,CCL7
ENSG00000172156,CCL11
ENSG00000108700,CCL8
ENSG00000181374,CCL13
ENSG00000108702,CCL1
ENSG00000270647,TAF15
ENSG00000270885,RASL10B
ENSG00000270765,GAS2L2
ENSG00000271447,MMP28
ENSG00000271503,CCL5
ENSG00000275152,CCL16
ENSG00000276409,CCL14
ENSG00000275688,CCL15-CCL14
ENSG00000275718,CCL15
ENSG00000274736,CCL23
ENSG00000275385,CCL18
ENSG00000277632,CCL3
ENSG00000275302,CCL4
ENSG00000276085,CCL3L3
ENSG00000276070,CCL4L2
ENSG00000278535,DHRS11
ENSG00000275023,MLLT6
ENSG00000277258,PCGF2
ENSG00000276293,PIP4K2B
ENSG00000141748,ARL5C
ENSG00000167258,CDK12
ENSG00000171532,NEUROD2
ENSG00000141736,ERBB2
ENSG00000204913,LRRC3C
ENSG00000126351,THRA
ENSG00000126368,NR1D1
ENSG00000108352,RAPGEFL1
ENSG00000131759,RARA
ENSG00000183153,GJD3
ENSG00000131747,TOP2A
ENSG00000126353,CCR7
ENSG00000173801,JUP
ENSG00000161594,KLHL10
ENSG00000168256,NKIRAS2
ENSG00000108773,KAT2A
ENSG00000267261,AC099811.2
ENSG00000108774,RAB5C
ENSG00000089558,KCNH4
ENSG00000173757,STAT5B
ENSG00000126561,STAT5A
ENSG00000168610,STAT3
ENSG00000108786,HSD17B1
ENSG00000131462,TUBG1
ENSG00000037042,TUBG2
ENSG00000184451,CCR10
ENSG00000108797,CNTNAP1
ENSG00000108799,EZH1
ENSG00000108830,RND2
ENSG00000175906,ARL4D
ENSG00000067596,DHX8
ENSG00000175832,ETV4
ENSG00000108840,HDAC5
ENSG00000005961,ITGA2B
ENSG00000180340,FZD2
ENSG00000073670,ADAM11
ENSG00000182963,GJC1
ENSG00000186185,KIF18B
ENSG00000006062,MAP3K14
ENSG00000263715,LINC02210-CRHR1
ENSG00000120088,CRHR1
ENSG00000228696,ARL17B
ENSG00000185829,ARL17A
ENSG00000259207,ITGB3
ENSG00000259753,AC068234.1
ENSG00000141279,NPEPPS
ENSG00000082641,NFE2L1
ENSG00000136504,KAT7
ENSG00000005884,ITGA3
ENSG00000005882,PDK2
ENSG00000006283,CACNA1G
ENSG00000108846,ABCC3
ENSG00000154975,CA10
ENSG00000141200,KIF2B
ENSG00000108960,MMD
ENSG00000153933,DGKE
ENSG00000175175,PPM1E
ENSG00000108406,DHX40
ENSG00000108423,TUBD1
ENSG00000108443,RPS6KB1
ENSG00000267318,AC005702.1
ENSG00000167434,CA4
ENSG00000170832,USP32
ENSG00000170836,PPM1D
ENSG00000172421,EFCAB3
ENSG00000173826,KCNH6
ENSG00000198909,MAP3K3
ENSG00000266173,STRADA
ENSG00000213218,CSH2
ENSG00000136487,GH2
ENSG00000136488,CSH1
ENSG00000204414,CSHL1
ENSG00000259384,GH1
ENSG00000285947,AC127029.3
ENSG00000007314,SCN4A
ENSG00000108622,ICAM2
ENSG00000178607,ERN1
ENSG00000108854,SMURF2
ENSG00000108370,RGS9
ENSG00000168646,AXIN2
ENSG00000091583,APOH
ENSG00000154229,PRKCA
ENSG00000075429,CACNG5
ENSG00000075461,CACNG4
ENSG00000171634,BPTF
ENSG00000108932,SLC16A6
ENSG00000141338,ABCA8
ENSG00000154258,ABCA9
ENSG00000154262,ABCA6
ENSG00000154265,ABCA5
ENSG00000108984,MAP2K6
ENSG00000153822,KCNJ16
ENSG00000123700,KCNJ2
ENSG00000180616,SSTR2
ENSG00000069188,SDK2
ENSG00000196169,KIF19
ENSG00000257008,GPR142
ENSG00000172794,RAB37
ENSG00000161509,GRIN2C
ENSG00000161513,FDXR
ENSG00000172782,FADS6
ENSG00000170190,SLC16A5
ENSG00000132470,ITGB4
ENSG00000161533,ACOX1
ENSG00000250506,CDK3
ENSG00000186919,ZACN
ENSG00000182687,GALR2
ENSG00000176170,SPHK1
ENSG00000089685,BIRC5
ENSG00000108669,CYTH1
ENSG00000055483,USP36
ENSG00000108679,LGALS3BP
ENSG00000182156,ENPP7
ENSG00000184009,ACTG1
ENSG00000185527,PDE6G
ENSG00000214087,ARL16
ENSG00000215644,GCGR
ENSG00000185624,P4HB
ENSG00000187531,SIRT7
ENSG00000169750,RAC3
ENSG00000169710,FASN
ENSG00000141526,SLC16A3
ENSG00000141551,CSNK1D
ENSG00000181408,UTS2R
ENSG00000141542,RAB40B
ENSG00000173213,TUBB8B
ENSG00000101557,USP14
ENSG00000177143,CETN1
ENSG00000176105,YES1
ENSG00000206418,RAB12
ENSG00000168461,RAB31
ENSG00000154864,PIEZO2
ENSG00000176014,TUBB6
ENSG00000176136,MC5R
ENSG00000185231,MC2R
ENSG00000067900,ROCK1
ENSG00000134489,HRH4
ENSG00000171885,AQP4
ENSG00000141434,MEP1B
ENSG00000197705,KLHL14
ENSG00000134769,DTNA
ENSG00000078142,PIK3C3
ENSG00000152214,RIT2
ENSG00000152217,SETBP1
ENSG00000167210,LOXHD1
ENSG00000215474,SKOR2
ENSG00000175387,SMAD2
ENSG00000101665,SMAD7
ENSG00000167315,ACAA2
ENSG00000141639,MAPK4
ENSG00000141646,SMAD4
ENSG00000187323,DCC
ENSG00000041353,RAB27B
ENSG00000196628,TCF4
ENSG00000091157,WDR7
ENSG00000049759,NEDD4L
ENSG00000166603,MC4R
ENSG00000171791,BCL2
ENSG00000206075,SERPINB5
ENSG00000166634,SERPINB12
ENSG00000197641,SERPINB13
ENSG00000206073,SERPINB4
ENSG00000206072,SERPINB11
ENSG00000057149,SERPINB3
ENSG00000166396,SERPINB7
ENSG00000197632,SERPINB2
ENSG00000242550,SERPINB10
ENSG00000221887,HMSD
ENSG00000166401,SERPINB8
ENSG00000166479,TMX3
ENSG00000166342,NETO1
ENSG00000166573,GALR1
ENSG00000178342,KCNG2
ENSG00000099822,HCN2
ENSG00000070388,FGF22
ENSG00000196415,PRTN3
ENSG00000197561,ELANE
ENSG00000116014,KISS1R
ENSG00000116032,GRIN3B
ENSG00000064687,ABCA7
ENSG00000167468,GPX4
ENSG00000118046,STK11
ENSG00000115257,PCSK4
ENSG00000185988,PLK5
ENSG00000071564,TCF3
ENSG00000133275,CSNK1G2
ENSG00000099875,MKNK2
ENSG00000176490,DIRAS1
ENSG00000125910,S1PR4
ENSG00000006638,TBXA2R
ENSG00000186111,PIP5K1C
ENSG00000007264,MATK
ENSG00000167657,DAPK3
ENSG00000126934,MAP2K2
ENSG00000060566,CREB3L3
ENSG00000077463,SIRT6
ENSG00000105246,EBI3
ENSG00000142002,DPP9
ENSG00000127663,KDM4B
ENSG00000167733,HSD11B1L
ENSG00000104833,TUBB4A
ENSG00000125735,TNFSF14
ENSG00000125730,C3
ENSG00000174837,ADGRE1
ENSG00000171105,INSR
ENSG00000090674,MCOLN1
ENSG00000076984,MAP2K7
ENSG00000260001,TGFBR3L
ENSG00000131142,CCL25
ENSG00000185236,RAB11B
ENSG00000181786,ACTL9
ENSG00000080511,RDH8
ENSG00000130816,DNMT1
ENSG00000267534,S1PR2
ENSG00000090339,ICAM1
ENSG00000105371,ICAM4
ENSG00000105376,ICAM5
ENSG00000076662,ICAM3
ENSG00000105397,TYK2
ENSG00000065989,PDE4A
ENSG00000079999,KEAP1
ENSG00000180739,S1PR5
ENSG00000079805,DNM2
ENSG00000142453,CARM1
ENSG00000127616,SMARCA4
ENSG00000105514,RAB3D
ENSG00000205517,RGL3
ENSG00000105607,GCDH
ENSG00000141837,CACNA1A
ENSG00000132000,PODNL1
ENSG00000104998,IL27RA
ENSG00000072062,PRKACA
ENSG00000072071,ADGRL1
ENSG00000123146,ADGRE5
ENSG00000123143,PKN1
ENSG00000160951,PTGER1
ENSG00000105143,SLC1A6
ENSG00000105131,EPHX3
ENSG00000141867,BRD4
ENSG00000171954,CYP4F22
ENSG00000186526,CYP4F8
ENSG00000186529,CYP4F3
ENSG00000186115,CYP4F2
ENSG00000167461,RAB8A
ENSG00000188039,NWD1
ENSG00000127533,F2RL3
ENSG00000160111,CPAMD8
ENSG00000160113,NR2F6
ENSG00000127220,ABHD8
ENSG00000074855,ANO8
ENSG00000105639,JAK3
ENSG00000105642,KCNN1
ENSG00000096996,IL12RB1
ENSG00000268173,AC007192.1
ENSG00000105647,PIK3R2
ENSG00000105649,RAB3A
ENSG00000285188,AC008397.2
ENSG00000105650,PDE4C
ENSG00000130513,GDF15
ENSG00000006016,CRLF1
ENSG00000167487,KLHL26
ENSG00000105662,CRTC1
ENSG00000130283,GDF1
ENSG00000223802,CERS1
ENSG00000213999,MEF2B
ENSG00000178093,TSSK6
ENSG00000064547,LPAR2
ENSG00000105726,ATP13A1
ENSG00000105173,CCNE1
ENSG00000166359,WDR88
ENSG00000126261,UBA2
ENSG00000105698,USF2
ENSG00000126266,FFAR1
ENSG00000185897,FFAR3
ENSG00000126251,GPR42
ENSG00000126262,FFAR2
ENSG00000105679,GAPDHS
ENSG00000105675,ATP4A
ENSG00000105672,ETV2
ENSG00000272333,KMT2B
ENSG00000205155,PSENEN
ENSG00000188223,AD000671.1
ENSG00000105290,APLP1
ENSG00000075702,WDR62
ENSG00000011332,DPF1
ENSG00000099337,KCNK6
ENSG00000171777,RASGRP4
ENSG00000104814,MAP4K1
ENSG00000130402,ACTN4
ENSG00000068903,SIRT2
ENSG00000104825,NFKBIB
ENSG00000130669,PAK4
ENSG00000105204,DYRK1B
ENSG00000130758,MAP3K10
ENSG00000105219,CCNP
ENSG00000105221,AKT2
ENSG00000160396,HIPK4
ENSG00000160460,SPTBN4
ENSG00000167578,RAB4B
ENSG00000171570,RAB4B-EGLN2
ENSG00000255974,CYP2A6
ENSG00000198077,CYP2A7
ENSG00000197838,CYP2A13
ENSG00000197446,CYP2F1
ENSG00000167600,CYP2S1
ENSG00000167601,AXL
ENSG00000105329,TGFB1
ENSG00000268041,ERFL
ENSG00000285505,AC010616.1
ENSG00000105409,ATP1A3
ENSG00000105737,GRIK5
ENSG00000105723,GSK3A
ENSG00000268643,AC006486.1
ENSG00000105722,ERF
ENSG00000104783,KCNN4
ENSG00000187244,BCAM
ENSG00000104856,RELB
ENSG00000213889,PPM1N
ENSG00000177464,GPR4
ENSG00000010310,GIPR
ENSG00000124440,HIF3A
ENSG00000011485,PPP5C
ENSG00000160014,CALM3
ENSG00000160013,PTGIR
ENSG00000105287,PRKD2
ENSG00000105281,SLC1A5
ENSG00000130751,NPAS1
ENSG00000142230,SAE1
ENSG00000197405,C5AR1
ENSG00000134830,C5AR2
ENSG00000134815,DHX34
ENSG00000118160,SLC8A2
ENSG00000105507,CABP5
ENSG00000105464,GRIN2D
ENSG00000182324,KCNJ14
ENSG00000268465,AC008403.1
ENSG00000105443,CYTH2
ENSG00000063176,SPHK2
ENSG00000063180,CA11
ENSG00000105550,FGF21
ENSG00000087076,HSD17B14
ENSG00000087074,PPP1R15A
ENSG00000087088,BAX
ENSG00000104848,KCNA7
ENSG00000130529,TRPM4
ENSG00000063127,SLC6A16
ENSG00000161618,ALDH16A1
ENSG00000126458,RRAS
ENSG00000126457,PRMT1
ENSG00000169169,CPT1C
ENSG00000104951,IL4I1
ENSG00000105053,VRK3
ENSG00000131398,KCNC3
ENSG00000131408,NR1H2
ENSG00000062822,POLD1
ENSG00000142539,AC020909.1
ENSG00000269404,SPIB
ENSG00000131409,LRRC4B
ENSG00000142511,GPR32
ENSG00000186806,VSIG10L
ENSG00000171051,FPR1
ENSG00000171049,FPR2
ENSG00000187474,FPR3
ENSG00000142405,NLRP12
ENSG00000126583,PRKCG
ENSG00000105605,CACNG7
ENSG00000142408,CACNG8
ENSG00000125505,MBOAT7
ENSG00000022556,NLRP2
ENSG00000160469,BRSK1
ENSG00000179954,SSC5D
ENSG00000187550,SBK2
ENSG00000185792,NLRP9
ENSG00000160505,NLRP4
ENSG00000171487,NLRP5
ENSG00000131864,USP29
ENSG00000105146,AURKC
ENSG00000134326,CMPK2
ENSG00000143797,MBOAT2
ENSG00000151693,ASAP2
ENSG00000119203,CPSF3
ENSG00000151694,ADAM17
ENSG00000143870,PDIA6
ENSG00000162975,KCNF1
ENSG00000134318,ROCK2
ENSG00000169006,NTSR2
ENSG00000170745,KCNS3
ENSG00000143878,RHOB
ENSG00000143869,GDF7
ENSG00000119771,KLHL29
ENSG00000138031,ADCY3
ENSG00000115137,DNAJC27
ENSG00000119772,DNMT3A
ENSG00000138101,DTNB
ENSG00000084731,KIF3C
ENSG00000084733,RAB10
ENSG00000138029,HADHB
ENSG00000173567,ADGRF3
ENSG00000171303,KCNK3
ENSG00000138030,KHK
ENSG00000115241,PPM1G
ENSG00000171174,RBKS
ENSG00000213639,PPP1CB
ENSG00000163811,WDR43
ENSG00000171094,ALK
ENSG00000091106,NLRC4
ENSG00000115760,BIRC6
ENSG00000152689,RASGRP3
ENSG00000055332,EIF2AK2
ENSG00000115825,PRKD3
ENSG00000138061,CYP1B1
ENSG00000163214,DHX57
ENSG00000115904,SOS1
ENSG00000205111,CDKL4
ENSG00000011566,MAP4K3
ENSG00000183023,SLC8A1
ENSG00000171126,KCNG3
ENSG00000162881,OXER1
ENSG00000138075,ABCG5
ENSG00000143921,ABCG8
ENSG00000138032,PPM1B
ENSG00000285542,AC013717.1
ENSG00000171132,PRKCE
ENSG00000116016,EPAS1
ENSG00000119729,RHOQ
ENSG00000143933,CALM2
ENSG00000184261,KCNK12
ENSG00000179915,NRXN1
ENSG00000119737,GPR75
ENSG00000115306,SPTBN1
ENSG00000028116,VRK2
ENSG00000162924,REL
ENSG00000115464,USP34
ENSG00000115902,SLC1A4
ENSG00000138069,RAB1A
ENSG00000138071,ACTR2
ENSG00000169618,PROKR1
ENSG00000163217,BMP10
ENSG00000115977,AAK1
ENSG00000163017,ACTG2
ENSG00000114956,DGUOK
ENSG00000115289,PCGF1
ENSG00000144045,DQX1
ENSG00000115318,LOXL3
ENSG00000159399,HK2
ENSG00000115353,TACR1
ENSG00000176204,LRRTM4
ENSG00000162951,LRRTM1
ENSG00000168874,ATOH8
ENSG00000163586,FABP1
ENSG00000172071,EIF2AK3
ENSG00000259916,AL845331.1
ENSG00000274286,ADRA2B
ENSG00000188886,ASTL
ENSG00000115073,ACTR1B
ENSG00000115085,ZAP70
ENSG00000144191,CNGA3
ENSG00000071054,MAP4K4
ENSG00000180251,SLC9A4
ENSG00000115616,SLC9A2
ENSG00000153093,ACOXL
ENSG00000153208,MERTK
ENSG00000125538,IL1B
ENSG00000125571,IL37
ENSG00000136688,IL36G
ENSG00000136694,IL36A
ENSG00000136696,IL36B
ENSG00000136695,IL36RN
ENSG00000136697,IL1F10
ENSG00000136689,IL1RN
ENSG00000125637,PSD4
ENSG00000144134,RABL2A
ENSG00000115091,ACTR3
ENSG00000175497,DPP10
ENSG00000080293,SCTR
ENSG00000144118,RALB
ENSG00000163083,INHBB
ENSG00000074047,GLI2
ENSG00000155052,CNTNAP5
ENSG00000186684,CYP27C1
ENSG00000169967,MAP3K2
ENSG00000144230,GPR17
ENSG00000222014,RAB6C
ENSG00000152086,TUBA3E
ENSG00000173302,GPR148
ENSG00000233087,RAB6D
ENSG00000075886,TUBA3D
ENSG00000183840,GPR39
ENSG00000176601,MAP3K19
ENSG00000121988,ZRANB3
ENSG00000121966,CXCR4
ENSG00000121989,ACVR2A
ENSG00000168280,KIF5C
ENSG00000115963,RND3
ENSG00000162980,ARL5A
ENSG00000162989,KCNJ3
ENSG00000153234,NR4A2
ENSG00000123612,ACVR1C
ENSG00000115170,ACVR1
ENSG00000123636,BAZ2B
ENSG00000115221,ITGB6
ENSG00000197635,DPP4
ENSG00000078098,FAP
ENSG00000184611,KCNH7
ENSG00000153253,SCN3A
ENSG00000136531,SCN2A
ENSG00000144285,SCN1A
ENSG00000169432,SCN9A
ENSG00000136546,SCN7A
ENSG00000198648,STK39
ENSG00000073734,ABCB11
ENSG00000073737,DHRS9
ENSG00000239474,KLHL41
ENSG00000213160,KLHL23
ENSG00000091409,ITGA6
ENSG00000152256,PDK1
ENSG00000091428,RAPGEF4
ENSG00000091436,MAP3K20
ENSG00000138435,CHRNA1
ENSG00000116044,NFE2L2
ENSG00000128655,PDE11A
ENSG00000284741,PDE11A
ENSG00000115232,ITGA4
ENSG00000188452,CERKL
ENSG00000162992,NEUROD1
ENSG00000115252,PDE1A
ENSG00000162998,FRZB
ENSG00000138448,ITGAV
ENSG00000064989,CALCRL
ENSG00000115368,WDR75
ENSG00000151687,ANKAR
ENSG00000138379,MSTN
ENSG00000115415,STAT1
ENSG00000138378,STAT4
ENSG00000138411,HECW2
ENSG00000013441,CLK1
ENSG00000082146,STRADB
ENSG00000138395,CDK15
ENSG00000155760,FZD7
ENSG00000204217,BMPR2
ENSG00000118257,NRP2
ENSG00000183671,GPR1
ENSG00000114948,ADAM23
ENSG00000232125,DYTN
ENSG00000118260,CREB1
ENSG00000163251,FZD5
ENSG00000144407,PTH2R
ENSG00000115361,ACADL
ENSG00000178568,ERBB4
ENSG00000144452,ABCA12
ENSG00000138375,SMARCAL1
ENSG00000180871,CXCR2
ENSG00000163464,CXCR1
ENSG00000135913,USP37
ENSG00000135929,CYP27A1
ENSG00000115592,PRKAG3
ENSG00000163497,FEV
ENSG00000163501,IHH
ENSG00000115657,ABCB6
ENSG00000115661,STK16
ENSG00000127824,TUBA4A
ENSG00000243910,TUBA4B
ENSG00000286143,AC053503.6
ENSG00000072182,ASIC4
ENSG00000123999,INHA
ENSG00000116106,EPHA4
ENSG00000124003,MOGAT1
ENSG00000135919,SERPINE2
ENSG00000169047,IRS1
ENSG00000173744,AGFG1
ENSG00000115009,CCL20
ENSG00000123977,DAW1
ENSG00000153827,TRIP12
ENSG00000163053,SLC16A14
ENSG00000135898,GPR55
ENSG00000135914,HTR2B
ENSG00000171596,NMUR1
ENSG00000163283,ALPP
ENSG00000163286,ALPG
ENSG00000163295,ALPI
ENSG00000171551,ECEL1
ENSG00000135902,CHRND
ENSG00000196811,CHRNG
ENSG00000115474,KCNJ13
ENSG00000168918,INPP5D
ENSG00000077044,DGKD
ENSG00000085982,USP40
ENSG00000144481,TRPM8
ENSG00000188042,ARL4C
ENSG00000157985,AGAP1
ENSG00000144476,ACKR3
ENSG00000124839,RAB17
ENSG00000168427,KLHL30
ENSG00000132323,ILKAP
ENSG00000068024,HDAC4
ENSG00000130414,NDUFA10
ENSG00000142327,RNPEPL1
ENSG00000178623,GPR35
ENSG00000130294,KIF1A
ENSG00000115685,PPP1R7
ENSG00000146205,ANO7
ENSG00000115694,STK25
ENSG00000176720,BOK
ENSG00000168393,DTYMK
ENSG00000101266,CSNK2A1
ENSG00000125834,STK35
ENSG00000286022,AL121899.2
ENSG00000125780,TGM3
ENSG00000166948,TGM6
ENSG00000149451,ADAM33
ENSG00000101224,CDC25B
ENSG00000088826,SMOX
ENSG00000171873,ADRA1D
ENSG00000101292,PROKR2
ENSG00000125845,BMP2
ENSG00000125827,TMX4
ENSG00000101349,PAK5
ENSG00000125848,FLRT3
ENSG00000089177,KIF16B
ENSG00000125851,PCSK2
ENSG00000132671,SSTR4
ENSG00000100994,PYGB
ENSG00000088320,REM1
ENSG00000171552,BCL2L1
ENSG00000101306,MYLK2
ENSG00000101336,HCK
ENSG00000101350,KIF3B
ENSG00000088305,DNMT3B
ENSG00000182584,ACTL10
ENSG00000078747,ITCH
ENSG00000125966,MMP24
ENSG00000125965,GDF5
ENSG00000197122,SRC
ENSG00000198959,TGM2
ENSG00000101442,ACTR5
ENSG00000101452,DHX35
ENSG00000198900,TOP1
ENSG00000124177,CHD6
ENSG00000101076,HNF4A
ENSG00000196839,ADA
ENSG00000124249,KCNK15
ENSG00000101109,STK4
ENSG00000124134,KCNS1
ENSG00000100985,MMP9
ENSG00000158296,SLC13A3
ENSG00000197496,SLC2A10
ENSG00000124198,ARFGEF2
ENSG00000158445,KCNB1
ENSG00000197818,SLC9A8
ENSG00000124217,MOCS3
ENSG00000026559,KCNG1
ENSG00000019186,CYP24A1
ENSG00000124089,MC3R
ENSG00000087586,AURKA
ENSG00000101144,BMP7
ENSG00000124209,RAB22A
ENSG00000101160,CTSZ
ENSG00000101162,TUBB1
ENSG00000101180,HRH3
ENSG00000101188,NTSR1
ENSG00000125533,BHLHE23
ENSG00000101197,BIRC7
ENSG00000101199,ARFGAP1
ENSG00000101204,CHRNA4
ENSG00000075043,KCNQ2
ENSG00000101213,PTK6
ENSG00000125508,SRMS
ENSG00000101246,ARFRP1
ENSG00000171700,RGS19
ENSG00000125510,OPRL1
ENSG00000125522,NPBWR2
ENSG00000279493,FP565260.4
ENSG00000275993,SIK1B
ENSG00000155304,HSPA13
ENSG00000155313,USP25
ENSG00000154654,NCAM2
ENSG00000154727,GABPA
ENSG00000142192,APP
ENSG00000156256,USP16
ENSG00000156273,BACH1
ENSG00000171189,GRIK1
ENSG00000142149,HUNK
ENSG00000166979,EVA1C
ENSG00000159082,SYNJ1
ENSG00000205927,OLIG2
ENSG00000184221,OLIG1
ENSG00000159216,RUNX1
ENSG00000159228,CBR1
ENSG00000159231,CBR3
ENSG00000159263,SIM2
ENSG00000157540,DYRK1A
ENSG00000157542,KCNJ6
ENSG00000157551,KCNJ15
ENSG00000157554,ERG
ENSG00000157557,ETS2
ENSG00000171587,DSCAM
ENSG00000157601,MX1
ENSG00000160179,ABCG1
ENSG00000160191,PDE9A
ENSG00000142178,SIK1
ENSG00000142182,DNMT3L
ENSG00000142185,TRPM2
ENSG00000160233,LRRC3
ENSG00000160255,ITGB2
ENSG00000182362,YBEY
ENSG00000160307,S100B
ENSG00000160310,PRMT2
ENSG00000130538,OR11H1
ENSG00000093072,ADA2
ENSG00000099954,CECR2
ENSG00000243156,MICAL3
ENSG00000183785,TUBA8
ENSG00000184979,USP18
ENSG00000206203,TSSK2
ENSG00000040608,RTN4R
ENSG00000161133,USP41
ENSG00000277971,AC007731.4
ENSG00000099910,KLHL22
ENSG00000241973,PI4KA
ENSG00000099937,SERPIND1
ENSG00000099957,P2RX6
ENSG00000100030,MAPK1
ENSG00000100034,PPM1F
ENSG00000100228,RAB36
ENSG00000099953,MMP11
ENSG00000133460,SLC2A11
ENSG00000251357,AP000350.4
ENSG00000240972,MIF
ENSG00000099974,DDTL
ENSG00000099977,DDT
ENSG00000285762,AC253536.7
ENSG00000128271,ADORA2A
ENSG00000100077,GRK3
ENSG00000100095,SEZ6L
ENSG00000182944,EWSR1
ENSG00000100276,RASL10A
ENSG00000100314,CABP7
ENSG00000185133,INPP5J
ENSG00000182541,LIMK2
ENSG00000100292,HMOX1
ENSG00000100302,RASD2
ENSG00000166862,CACNG2
ENSG00000100360,IFT27
ENSG00000278195,SSTR3
ENSG00000128340,RAC2
ENSG00000100055,CYTH4
ENSG00000128310,GALR3
ENSG00000100156,SLC16A8
ENSG00000184381,PLA2G6
ENSG00000213923,CSNK1E
ENSG00000283900,TPTEP2-CSNK1E
ENSG00000168135,KCNJ4
ENSG00000100324,TAB1
ENSG00000100346,CACNA1I
ENSG00000100300,TSPO
ENSG00000196588,MRTFA
ENSG00000128285,MCHR1
ENSG00000100393,EP300
ENSG00000198911,SREBF2
ENSG00000100197,CYP2D6
ENSG00000205702,CYP2D7
ENSG00000183569,SERHL2
ENSG00000242247,ARFGAP3
ENSG00000186951,PPARA
ENSG00000130943,PKDREJ
ENSG00000100422,CERK
ENSG00000100425,BRD1
ENSG00000198355,PIM3
ENSG00000073150,PANX2
ENSG00000100429,HDAC10
ENSG00000188130,MAPK12
ENSG00000185386,MAPK11
ENSG00000130487,KLHDC7B
ENSG00000205560,CPT1B
ENSG00000079974,RABL2B
ENSG00000134121,CHL1
ENSG00000134115,CNTN6
ENSG00000144619,CNTN4
ENSG00000091181,IL5RA
ENSG00000134108,ARL8B
ENSG00000196277,GRM7
ENSG00000180914,OXTR
ENSG00000156983,BRPF1
ENSG00000134072,CAMK1
ENSG00000134086,VHL
ENSG00000134070,IRAK2
ENSG00000157087,ATP2B2
ENSG00000132164,SLC6A11
ENSG00000157103,SLC6A1
ENSG00000196639,HRH1
ENSG00000197548,ATG7
ENSG00000132170,PPARG
ENSG00000132155,RAF1
ENSG00000144711,IQSEC1
ENSG00000163517,HDAC11
ENSG00000131389,SLC6A6
ENSG00000177463,NR2C2
ENSG00000183960,KCNH8
ENSG00000144566,RAB5A
ENSG00000183977,PP2D1
ENSG00000114166,KAT2B
ENSG00000197885,NKIRAS1
ENSG00000174738,NR1D2
ENSG00000151090,THRB
ENSG00000077092,RARB
ENSG00000077097,TOP2B
ENSG00000151093,OXSM
ENSG00000179796,LRRC3B
ENSG00000163513,TGFBR2
ENSG00000183813,CCR4
ENSG00000163673,DCLK3
ENSG00000144668,ITGA9
ENSG00000060971,ACAA1
ENSG00000172939,OXSR1
ENSG00000172940,SLC22A13
ENSG00000144671,SLC22A14
ENSG00000114739,ACVR2B
ENSG00000183873,SCN5A
ENSG00000185313,SCN10A
ENSG00000168356,SCN11A
ENSG00000168329,CX3CR1
ENSG00000179934,CCR8
ENSG00000168036,CTNNB1
ENSG00000114812,VIPR1
ENSG00000157119,KLHL40
ENSG00000144648,ACKR2
ENSG00000163788,SNRK
ENSG00000160746,ANO10
ENSG00000011198,ABHD5
ENSG00000163808,KIF15
ENSG00000163810,TGM4
ENSG00000211456,SACM1L
ENSG00000163817,SLC6A20
ENSG00000173585,CCR9
ENSG00000172215,CXCR6
ENSG00000173578,XCR1
ENSG00000183625,CCR3
ENSG00000163823,CCR1
ENSG00000121807,CCR2
ENSG00000160791,CCR5
ENSG00000121797,CCRL2
ENSG00000160801,PTH1R
ENSG00000181555,SETD2
ENSG00000088727,KIF9
ENSG00000114648,KLHL18
ENSG00000132153,DHX30
ENSG00000164045,CDC25A
ENSG00000114268,PFKFB4
ENSG00000178035,IMPDH2
ENSG00000172046,USP19
ENSG00000185909,KLHDC8B
ENSG00000114316,USP4
ENSG00000233276,GPX1
ENSG00000067560,RHOA
ENSG00000164062,APEH
ENSG00000182179,UBA7
ENSG00000164076,CAMKV
ENSG00000164078,MST1R
ENSG00000114738,MAPKAPK3
ENSG00000164080,RAD54L2
ENSG00000164082,GRM2
ENSG00000041880,PARP3
ENSG00000114779,ABHD14B
ENSG00000248487,ABHD14A
ENSG00000164087,POC1A
ENSG00000164088,PPM1M
ENSG00000114904,NEK4
ENSG00000163932,PRKCD
ENSG00000157388,CACNA1D
ENSG00000113812,ACTR8
ENSG00000144771,LRTM1
ENSG00000157500,APPL1
ENSG00000168374,ARF4
ENSG00000136068,FLNB
ENSG00000163686,ABHD6
ENSG00000168306,ACOX2
ENSG00000188817,SNTN
ENSG00000163376,KBTBD8
ENSG00000144744,UBA3
ENSG00000170837,GPR27
ENSG00000113805,CNTN3
ENSG00000185008,ROBO2
ENSG00000169855,ROBO1
ENSG00000179097,HTR1F
ENSG00000044524,EPHA3
ENSG00000169379,ARL13B
ENSG00000080224,EPHA6
ENSG00000113966,ARL6
ENSG00000183185,GABRR3
ENSG00000154165,GPR15
ENSG00000057019,DCBLD2
ENSG00000144820,ADGRG7
ENSG00000170017,ALCAM
ENSG00000172139,SLC9C1
ENSG00000144857,BOC
ENSG00000151577,DRD3
ENSG00000144852,NR1I2
ENSG00000082701,GSK3B
ENSG00000175697,GPR156
ENSG00000036828,CASR
ENSG00000196981,WDR5B
ENSG00000138496,PARP9
ENSG00000173193,PARP14
ENSG00000065485,PDIA5
ENSG00000173175,ADCY5
ENSG00000065534,MYLK
ENSG00000082781,ITGB5
ENSG00000144908,ALDH1L1
ENSG00000070476,ZXDC
ENSG00000187715,KBTBD12
ENSG00000075785,RAB7A
ENSG00000177646,ACAD9
ENSG00000172780,RAB43
ENSG00000172771,EFCAB12
ENSG00000017260,ATP2C1
ENSG00000240303,ACAD11
ENSG00000129048,ACKR4
ENSG00000081307,UBA5
ENSG00000154917,RAB6B
ENSG00000163785,RYK
ENSG00000154928,EPHB1
ENSG00000158186,MRAS
ENSG00000051382,PIK3CB
ENSG00000114113,RBP2
ENSG00000114115,RBP1
ENSG00000114124,GRK7
ENSG00000175054,ATR
ENSG00000144935,TRPC1
ENSG00000163710,PCOLCE2
ENSG00000188582,PAQR9
ENSG00000181804,SLC9A9
ENSG00000174963,ZIC4
ENSG00000152977,ZIC1
ENSG00000144891,AGTR1
ENSG00000071794,HLTF
ENSG00000047457,CP
ENSG00000018408,WWTR1
ENSG00000174946,GPR171
ENSG00000174944,P2RY14
ENSG00000138271,GPR87
ENSG00000181631,P2RY13
ENSG00000169313,P2RY12
ENSG00000152580,IGSF10
ENSG00000198829,SUCNR1
ENSG00000169860,P2RY1
ENSG00000181467,RAP2B
ENSG00000174953,DHX36
ENSG00000174948,GPR149
ENSG00000196549,MME
ENSG00000163659,TIPARP
ENSG00000179674,ARL14
ENSG00000163590,PPM1L
ENSG00000114200,BCHE
ENSG00000114204,SERPINI2
ENSG00000163536,SERPINI1
ENSG00000184378,ACTRT3
ENSG00000163558,PRKCI
ENSG00000136603,SKIL
ENSG00000163581,SLC2A2
ENSG00000154310,TNIK
ENSG00000075651,PLD1
ENSG00000121853,GHSR
ENSG00000121858,TNFSF10
ENSG00000169760,NLGN1
ENSG00000197584,KCNMB2
ENSG00000275163,AC117457.1
ENSG00000121879,PIK3CA
ENSG00000171121,KCNMB3
ENSG00000136518,ACTL6A
ENSG00000058056,USP13
ENSG00000172578,KLHL6
ENSG00000114796,KLHL24
ENSG00000114770,ABCC5
ENSG00000186090,HTR3D
ENSG00000178084,HTR3C
ENSG00000284917,EEF1AKMT4-ECE2
ENSG00000145194,ECE2
ENSG00000182580,EPHB3
ENSG00000073803,MAP3K13
ENSG00000244405,ETV5
ENSG00000058866,DGKG
ENSG00000073282,TP63
ENSG00000253548,PYDC2
ENSG00000114279,FGF12
ENSG00000187527,ATP13A5
ENSG00000127249,ATP13A4
ENSG00000198836,OPA1
ENSG00000172061,LRRC15
ENSG00000133657,ATP13A3
ENSG00000114331,ACAP2
ENSG00000061938,TNK2
ENSG00000174004,NRROS
ENSG00000180370,PAK2
ENSG00000161267,BDH1
ENSG00000133256,PDE6B
ENSG00000185619,PCGF3
ENSG00000178950,GAK
ENSG00000145214,DGKQ
ENSG00000013810,TACC3
ENSG00000068078,FGFR3
ENSG00000109685,NSD2
ENSG00000125388,GRK4
ENSG00000159788,RGS12
ENSG00000184160,ADRA2C
ENSG00000087008,ACOX3
ENSG00000231396,USP17L10
ENSG00000233136,USP17L11
ENSG00000227551,USP17L12
ENSG00000232399,USP17L13
ENSG00000223569,USP17L15
ENSG00000249104,USP17L17
ENSG00000250844,USP17L18
ENSG00000248920,USP17L19
ENSG00000250745,USP17L20
ENSG00000249811,USP17L21
ENSG00000248933,USP17L22
ENSG00000250913,USP17L23
ENSG00000232264,USP17L24
ENSG00000230430,USP17L25
ENSG00000229579,USP17L26
ENSG00000227140,USP17L5
ENSG00000235780,USP17L27
ENSG00000231051,USP17L28
ENSG00000231637,USP17L29
ENSG00000228856,USP17L30
ENSG00000109667,SLC2A9
ENSG00000169676,DRD5
ENSG00000157869,RAB28
ENSG00000152990,ADGRA3
ENSG00000109606,DHX15
ENSG00000163394,CCKAR
ENSG00000047365,ARAP2
ENSG00000174125,TLR1
ENSG00000174130,TLR6
ENSG00000109790,KLHL5
ENSG00000168421,RHOH
ENSG00000174343,CHRNA9
ENSG00000163285,GABRG1
ENSG00000151834,GABRA2
ENSG00000109158,GABRA4
ENSG00000163288,GABRB1
ENSG00000198515,CNGA1
ENSG00000074966,TXK
ENSG00000135605,TEC
ENSG00000188993,LRRC66
ENSG00000128045,RASL11B
ENSG00000282278,AC058822.1
ENSG00000134853,PDGFRA
ENSG00000157404,KIT
ENSG00000128052,KDR
ENSG00000196503,ARL9
ENSG00000150471,ADGRL3
ENSG00000145242,EPHA5
ENSG00000033178,UBA6
ENSG00000109163,GNRHR
ENSG00000156136,DCK
ENSG00000056291,NPFFR2
ENSG00000138769,CDKL2
ENSG00000156194,PPEF2
ENSG00000118816,CCNI
ENSG00000138764,CCNG2
ENSG00000138759,FRAS1
ENSG00000138756,BMP2K
ENSG00000163291,PAQR3
ENSG00000138675,FGF5
ENSG00000152785,BMP3
ENSG00000138669,PRKG2
ENSG00000138670,RASGEF1B
ENSG00000145284,SCD5
ENSG00000109339,MAPK10
ENSG00000145332,KLHL8
ENSG00000170509,HSD17B13
ENSG00000198189,HSD17B11
ENSG00000118762,PKD2
ENSG00000118777,ABCG2
ENSG00000163644,PPM1K
ENSG00000138642,HERC6
ENSG00000287542,AC098582.1
ENSG00000138641,HERC3
ENSG00000152208,GRID2
ENSG00000172238,ATOH1
ENSG00000163104,SMARCAD1
ENSG00000163106,HPGDS
ENSG00000138696,BMPR1B
ENSG00000164032,H2AZ1
ENSG00000138814,PPP3CA
ENSG00000109320,NFKB1
ENSG00000138778,CENPE
ENSG00000169836,TACR3
ENSG00000155016,CYP2U1
ENSG00000164089,ETNPPL
ENSG00000005059,MCUB
ENSG00000138792,ENPEP
ENSG00000178403,NEUROG2
ENSG00000145349,CAMK2D
ENSG00000164099,PRSS12
ENSG00000145384,FABP2
ENSG00000138735,PDE5A
ENSG00000186867,QRFPR
ENSG00000145386,CCNA2
ENSG00000138741,TRPC3
ENSG00000138685,FGF2
ENSG00000145375,SPATA5
ENSG00000164070,HSPA4L
ENSG00000142731,PLK4
ENSG00000077684,JADE1
ENSG00000109381,ELF2
ENSG00000172007,RAB33B
ENSG00000170185,USP38
ENSG00000153147,SMARCA5
ENSG00000183090,FREM3
ENSG00000170365,SMAD1
ENSG00000151617,EDNRA
ENSG00000164169,PRMT9
ENSG00000151623,NR3C2
ENSG00000170390,DCLK2
ENSG00000137462,TLR2
ENSG00000145423,SFRP2
ENSG00000185149,NPY2R
ENSG00000164116,GUCY1A1
ENSG00000061918,GUCY1B1
ENSG00000256394,ASIC5
ENSG00000256043,CTSO
ENSG00000145431,PDGFC
ENSG00000109738,GLRB
ENSG00000120251,GRIA2
ENSG00000171509,RXFP1
ENSG00000109756,RAPGEF2
ENSG00000164128,NPY1R
ENSG00000164129,NPY5R
ENSG00000109466,KLHL2
ENSG00000052802,MSMO1
ENSG00000038295,TLL1
ENSG00000137601,NEK1
ENSG00000164117,FBXO8
ENSG00000145451,GLRA3
ENSG00000168594,ADAM29
ENSG00000150627,WDR17
ENSG00000164303,ENPP6
ENSG00000164342,TLR3
ENSG00000145476,CYP4V2
ENSG00000272297,AC018709.1
ENSG00000168412,MTNR1A
ENSG00000063438,AHRR
ENSG00000286169,PDCD6-AHRR
ENSG00000066230,SLC9A3
ENSG00000028310,BRD9
ENSG00000174358,SLC6A19
ENSG00000164363,SLC6A18
ENSG00000142319,SLC6A3
ENSG00000078295,ADCY2
ENSG00000124275,MTRR
ENSG00000113389,NPR3
ENSG00000113492,AGXT2
ENSG00000113494,PRLR
ENSG00000079215,SLC1A3
ENSG00000113594,LIFR
ENSG00000145623,OSMR
ENSG00000113600,C9
ENSG00000171522,PTGER4
ENSG00000132356,PRKAA1
ENSG00000112936,C7
ENSG00000039537,C6
ENSG00000112964,GHR
ENSG00000177453,NIM1K
ENSG00000070193,FGF10
ENSG00000164588,HCN1
ENSG00000213949,ITGA1
ENSG00000164171,ITGA2
ENSG00000185305,ARL15
ENSG00000164294,GPX8
ENSG00000152669,CCNO
ENSG00000067248,DHX29
ENSG00000164509,IL31RA
ENSG00000134352,IL6ST
ENSG00000095015,MAP3K1
ENSG00000169067,ACTBL2
ENSG00000145632,PLK2
ENSG00000152932,RAB3C
ENSG00000113448,PDE4D
ENSG00000068796,KIF2A
ENSG00000178394,HTR1A
ENSG00000113595,TRIM23
ENSG00000134061,CD180
ENSG00000145675,PIK3R1
ENSG00000134057,CCNB1
ENSG00000134058,CDK7
ENSG00000049860,HEXB
ENSG00000122012,SV2C
ENSG00000164220,F2RL2
ENSG00000181104,F2R
ENSG00000164251,F2RL1
ENSG00000171643,S100Z
ENSG00000284762,AC022414.1
ENSG00000113231,PDE8B
ENSG00000113319,RASGRF2
ENSG00000164176,EDIL3
ENSG00000081189,MEF2C
ENSG00000153140,CETN3
ENSG00000164199,ADGRV1
ENSG00000175745,NR2F1
ENSG00000178015,GPR150
ENSG00000164292,RHOBTB3
ENSG00000175426,PCSK1
ENSG00000164307,ERAP1
ENSG00000164308,ERAP2
ENSG00000113441,LNPEP
ENSG00000153922,CHD1
ENSG00000112874,NUDT12
ENSG00000151422,FER
ENSG00000152495,CAMK4
ENSG00000212122,TSSK1B
ENSG00000047188,YTHDC2
ENSG00000080709,KCNN2
ENSG00000172901,LVRN
ENSG00000133835,HSD17B4
ENSG00000113083,LOX
ENSG00000151292,CSNK1G3
ENSG00000164904,ALDH7A1
ENSG00000158987,RAPGEF6
ENSG00000273217,AC008695.1
ENSG00000197208,SLC22A4
ENSG00000197375,SLC22A5
ENSG00000131437,KIF3A
ENSG00000205089,CCNI2
ENSG00000164404,GDF9
ENSG00000170606,HSPA4
ENSG00000113575,PPP2CA
ENSG00000006837,CDKL3
ENSG00000043143,JADE2
ENSG00000152700,SAR1B
ENSG00000152705,CATSPER3
ENSG00000113648,MACROH2A1
ENSG00000181965,NEUROG1
ENSG00000113658,SMAD5
ENSG00000069018,TRPC7
ENSG00000146021,KLHL3
ENSG00000078795,PKD2L2
ENSG00000112984,KIF20A
ENSG00000158402,CDC25C
ENSG00000113013,HSPA9
ENSG00000146005,PSD2
ENSG00000171720,HDAC3
ENSG00000120318,ARAP3
ENSG00000113578,FGF1
ENSG00000113580,NR3C1
ENSG00000164270,HTR4
ENSG00000169252,ADRB2
ENSG00000113712,CSNK1A1
ENSG00000132915,PDE6A
ENSG00000182578,CSF1R
ENSG00000113721,PDGFRB
ENSG00000011083,SLC6A7
ENSG00000070808,CAMK2A
ENSG00000211445,GPX3
ENSG00000145888,GLRA1
ENSG00000132911,NMUR2
ENSG00000155511,GRIA1
ENSG00000170271,FAXDC2
ENSG00000226650,KIF4B
ENSG00000113263,ITK
ENSG00000135074,ADAM19
ENSG00000170214,ADRA1B
ENSG00000170234,PWWP2A
ENSG00000170231,FABP6
ENSG00000135083,CCNJL
ENSG00000145864,GABRB2
ENSG00000145863,GABRA6
ENSG00000022355,GABRA1
ENSG00000113327,GABRG2
ENSG00000113328,CCNG1
ENSG00000145936,KCNMB1
ENSG00000094755,GABRP
ENSG00000156427,FGF18
ENSG00000072786,STK10
ENSG00000214360,EFCAB9
ENSG00000184845,DRD1
ENSG00000113749,HRH2
ENSG00000175414,ARL10
ENSG00000160883,HK3
ENSG00000160867,FGFR4
ENSG00000165671,NSD1
ENSG00000169228,RAB24
ENSG00000169220,RGS14
ENSG00000198055,GRK6
ENSG00000175309,PHYKPL
ENSG00000113240,CLK4
ENSG00000113262,GRM6
ENSG00000146090,RASGEF1C
ENSG00000050748,MAPK9
ENSG00000037280,FLT4
ENSG00000145949,MYLK4
ENSG00000021355,SERPINB1
ENSG00000170542,SERPINB9
ENSG00000124570,SERPINB6
ENSG00000124588,NQO2
ENSG00000137275,RIPK1
ENSG00000137274,BPHL
ENSG00000137267,TUBB2A
ENSG00000137285,TUBB2B
ENSG00000137266,SLC22A23
ENSG00000112739,PRPF4B
ENSG00000124785,NRN1
ENSG00000124491,F13A1
ENSG00000096696,DSP
ENSG00000153162,BMP6
ENSG00000239264,TXNDC5
ENSG00000111845,PAK1IP1
ENSG00000111837,MAK
ENSG00000124523,SIRT5
ENSG00000008083,JARID2
ENSG00000137198,GMPR
ENSG00000137177,KIF13A
ENSG00000165097,KDM1B
ENSG00000172197,MBOAT1
ENSG00000172179,PRL
ENSG00000112294,ALDH5A1
ENSG00000164508,H2AC1
ENSG00000278463,H2AC4
ENSG00000180573,H2AC6
ENSG00000282988,AL031777.2
ENSG00000277075,H2AC8
ENSG00000196787,H2AC11
ENSG00000274997,H2AC12
ENSG00000196747,H2AC13
ENSG00000276368,H2AC14
ENSG00000275221,H2AC15
ENSG00000276903,H2AC16
ENSG00000278677,H2AC17
ENSG00000198704,GPX6
ENSG00000204694,OR11A1
ENSG00000204687,MAS1L
ENSG00000204681,GABBR1
ENSG00000204560,DHX16
ENSG00000196230,TUBB
ENSG00000204580,DDR1
ENSG00000226979,LTA
ENSG00000232810,TNF
ENSG00000227507,LTB
ENSG00000204390,HSPA1L
ENSG00000204389,HSPA1A
ENSG00000204388,HSPA1B
ENSG00000204371,EHMT2
ENSG00000166278,C2
ENSG00000244255,AL645922.1
ENSG00000243649,CFB
ENSG00000244731,C4A
ENSG00000224389,C4B
ENSG00000213676,ATF6B
ENSG00000204305,AGER
ENSG00000250264,AL669918.1
ENSG00000204267,TAP2
ENSG00000168394,TAP1
ENSG00000204256,BRD2
ENSG00000204231,RXRB
ENSG00000204228,HSD17B8
ENSG00000204227,RING1
ENSG00000237441,RGL2
ENSG00000237649,KIFC1
ENSG00000030110,BAK1
ENSG00000124493,GRM4
ENSG00000124664,SPDEF
ENSG00000112033,PPARD
ENSG00000096063,SRPK1
ENSG00000112062,MAPK14
ENSG00000156711,MAPK13
ENSG00000096070,BRPF3
ENSG00000010030,ETV7
ENSG00000124762,CDKN1A
ENSG00000255587,RAB44
ENSG00000137193,PIM1
ENSG00000112164,GLP1R
ENSG00000164626,KCNK5
ENSG00000095981,KCNK16
ENSG00000164627,KIF6
ENSG00000112212,TSPO2
ENSG00000164663,USP49
ENSG00000112576,CCND3
ENSG00000124587,PEX6
ENSG00000112658,SRF
ENSG00000146216,TTBK1
ENSG00000137204,SLC22A7
ENSG00000124574,ABCC10
ENSG00000096384,HSP90AB1
ENSG00000124813,RUNX2
ENSG00000001561,ENPP4
ENSG00000112796,ENPP5
ENSG00000146070,PLA2G7
ENSG00000069122,ADGRF5
ENSG00000153292,ADGRF1
ENSG00000164393,ADGRF2
ENSG00000153294,ADGRF4
ENSG00000170927,PKHD1
ENSG00000170915,PAQR8
ENSG00000244067,GSTA2
ENSG00000243955,GSTA1
ENSG00000182793,GSTA5
ENSG00000112144,CILK1
ENSG00000124743,KLHL31
ENSG00000137251,TINAG
ENSG00000137252,HCRTR2
ENSG00000112175,BMP5
ENSG00000151914,DST
ENSG00000112210,RAB23
ENSG00000135298,ADGRB3
ENSG00000112305,SMAP1
ENSG00000185760,KCNQ5
ENSG00000156535,CD109
ENSG00000135312,HTR1B
ENSG00000168830,HTR1E
ENSG00000164411,GJB7
ENSG00000118432,CNR1
ENSG00000146276,GABRR1
ENSG00000111886,GABRR2
ENSG00000135355,GJA10
ENSG00000112182,BACH2
ENSG00000135333,EPHA7
ENSG00000186231,KLHL32
ENSG00000123552,USP45
ENSG00000152034,MCHR2
ENSG00000112246,SIM1
ENSG00000164418,GRIK2
ENSG00000085382,HACE1
ENSG00000187772,LIN28B
ENSG00000130348,QRSL1
ENSG00000112333,NR2E1
ENSG00000135596,MICAL1
ENSG00000112367,FIG4
ENSG00000146360,GPR6
ENSG00000004809,SLC22A16
ENSG00000155111,CDK19
ENSG00000112394,SLC16A10
ENSG00000009413,REV3L
ENSG00000010810,FYN
ENSG00000074935,TUBE1
ENSG00000196591,HDAC2
ENSG00000111816,FRK
ENSG00000173612,GPRC6A
ENSG00000047936,ROS1
ENSG00000152661,GJA1
ENSG00000164434,FABP7
ENSG00000154269,ENPP3
ENSG00000197594,ENPP1
ENSG00000237110,TAAR9
ENSG00000146385,TAAR8
ENSG00000135569,TAAR5
ENSG00000146378,TAAR2
ENSG00000146399,TAAR1
ENSG00000146409,SLC18B1
ENSG00000146411,SLC2A12
ENSG00000118514,ALDH8A1
ENSG00000135541,AHI1
ENSG00000171408,PDE7B
ENSG00000197442,MAP3K5
ENSG00000177468,OLIG3
ENSG00000135577,NMBR
ENSG00000203733,GJE1
ENSG00000112414,ADGRG6
ENSG00000152818,UTRN
ENSG00000146414,SHPRH
ENSG00000152822,GRM1
ENSG00000118508,RAB32
ENSG00000091831,ESR1
ENSG00000131018,SYNE1
ENSG00000091844,RGS17
ENSG00000112038,OPRM1
ENSG00000074771,NOX3
ENSG00000078269,SYNJ2
ENSG00000120437,ACAT2
ENSG00000130368,MAS1
ENSG00000175003,SLC22A1
ENSG00000112499,SLC22A2
ENSG00000146477,SLC22A3
ENSG00000085511,MAP3K4
ENSG00000112541,PDE10A
ENSG00000071242,RPS6KA2
ENSG00000112486,CCR6
ENSG00000120436,GPR31
ENSG00000125337,KIF25
ENSG00000285733,AL031315.1
ENSG00000184465,WDR27
ENSG00000130024,PHF10
ENSG00000105963,ADAP1
ENSG00000073067,CYP2W1
ENSG00000106268,NUDT1
ENSG00000146555,SDK1
ENSG00000136297,MMD2
ENSG00000075624,ACTB
ENSG00000086232,EIF2AK1
ENSG00000106346,USP42
ENSG00000008256,CYTH3
ENSG00000136238,RAC1
ENSG00000106443,PHF14
ENSG00000122644,ARL4A
ENSG00000006468,ETV1
ENSG00000136267,DGKB
ENSG00000106546,AHR
ENSG00000283321,AC019117.3
ENSG00000048052,HDAC9
ENSG00000105855,ITGB8
ENSG00000004846,ABCB5
ENSG00000136237,RAPGEF5
ENSG00000122550,KLHL7
ENSG00000050344,NFE2L3
ENSG00000106100,NOD1
ENSG00000106113,CRHR2
ENSG00000250424,AC004691.2
ENSG00000240583,AQP1
ENSG00000106128,GHRHR
ENSG00000078549,ADCYAP1R1
ENSG00000164600,NEUROD6
ENSG00000154678,PDE1C
ENSG00000170852,KBTBD2
ENSG00000106483,SFRP4
ENSG00000006451,RALA
ENSG00000065883,CDK13
ENSG00000122641,INHBA
ENSG00000106571,GLI3
ENSG00000002746,HECW1
ENSG00000106633,GCK
ENSG00000058404,CAMK2B
ENSG00000105968,H2AZ2
ENSG00000164742,ADCY1
ENSG00000158683,PKD1L1
ENSG00000179869,ABCA13
ENSG00000146648,EGFR
ENSG00000164776,PHKG1
ENSG00000183166,CALN1
ENSG00000188763,FZD9
ENSG00000009954,BAZ1B
ENSG00000106638,TBL2
ENSG00000106077,ABHD11
ENSG00000106683,LIMK1
ENSG00000006606,CCL26
ENSG00000106178,CCL24
ENSG00000127948,POR
ENSG00000146701,MDH2
ENSG00000146700,SSC4D
ENSG00000198822,GRM3
ENSG00000005469,CROT
ENSG00000005471,ABCB4
ENSG00000085563,ABCB1
ENSG00000008277,ADAM22
ENSG00000058091,CDK14
ENSG00000157240,FZD1
ENSG00000127980,PEX1
ENSG00000105810,CDK6
ENSG00000004948,CALCR
ENSG00000004799,PDK4
ENSG00000164715,LMTK2
ENSG00000180535,BHLHA15
ENSG00000196367,TRRAP
ENSG00000198742,SMURF1
ENSG00000176402,GJC3
ENSG00000106351,AGFG2
ENSG00000106333,PCOLCE
ENSG00000077080,ACTL6B
ENSG00000196411,EPHB4
ENSG00000087085,ACHE
ENSG00000106366,SERPINE1
ENSG00000106384,MOGAT3
ENSG00000160991,ORAI2
ENSG00000128606,LRRC17
ENSG00000135250,SRPK2
ENSG00000105835,"NAMPT"
ENSG00000105851,PIK3CG
ENSG00000172209,GPR22
ENSG00000091129,NRCAM
ENSG00000164604,GPR85
ENSG00000105976,MET
ENSG00000001626,CFTR
ENSG00000184408,KCND2
ENSG00000081800,SLC13A1
ENSG00000106299,WASL
ENSG00000170775,GPR37
ENSG00000179603,GRM8
ENSG00000004059,ARF5
ENSG00000128594,LRRC4
ENSG00000106348,IMPDH1
ENSG00000128591,FLNC
ENSG00000230626,AC011005.1
ENSG00000128602,SMO
ENSG00000106484,MEST
ENSG00000164707,SLC13A4
ENSG00000181072,CHRM2
ENSG00000157680,DGKI
ENSG00000182158,CREB3L2
ENSG00000157703,SVOPL
ENSG00000146858,ZC3HAV1L
ENSG00000105939,ZC3HAV1
ENSG00000064393,HIPK2
ENSG00000059378,PARP12
ENSG00000006459,KDM7A
ENSG00000146955,RAB19
ENSG00000157764,BRAF
ENSG00000006530,AGK
ENSG00000214102,WEE2
ENSG00000237621,OR9A1P
ENSG00000258083,OR9A4
ENSG00000106123,EPHB6
ENSG00000165125,TRPV6
ENSG00000127412,TRPV5
ENSG00000197993,KEL
ENSG00000179468,OR9A2
ENSG00000146904,EPHA1
ENSG00000174469,CNTNAP2
ENSG00000106462,EZH2
ENSG00000155660,PDIA4
ENSG00000106526,ACTR3C
ENSG00000106565,TMEM176B
ENSG00000002933,TMEM176A
ENSG00000055118,KCNH2
ENSG00000164867,NOS3
ENSG00000197150,ABCB8
ENSG00000213199,ASIC3
ENSG00000164885,CDK5
ENSG00000133612,AGAP3
ENSG00000106615,RHEB
ENSG00000106617,PRKAG2
ENSG00000055609,KMT2C
ENSG00000133627,ACTR3B
ENSG00000130226,DPP6
ENSG00000157219,HTR5A
ENSG00000164690,SHH
ENSG00000009335,UBE3C
ENSG00000106018,VIPR2
ENSG00000176595,KBTBD11
ENSG00000183117,CSMD1
ENSG00000230549,USP17L1
ENSG00000236125,USP17L4
ENSG00000237038,USP17L8
ENSG00000225327,USP17L3
ENSG00000173273,TNKS
ENSG00000136573,BLK
ENSG00000164733,CTSB
ENSG00000226430,USP17L7
ENSG00000223443,USP17L2
ENSG00000078579,FGF20
ENSG00000156011,PSD3
ENSG00000036565,SLC18A1
ENSG00000158815,FGF17
ENSG00000275074,NUDT18
ENSG00000168487,BMP1
ENSG00000120910,PPP3CC
ENSG00000008853,RHOBTB2
ENSG00000134013,LOXL2
ENSG00000042980,ADAM28
ENSG00000134028,ADAMDEC1
ENSG00000069206,ADAM7
ENSG00000120907,ADRA1A
ENSG00000120899,PTK2B
ENSG00000120903,CHRNA2
ENSG00000120915,EPHX2
ENSG00000104290,FZD3
ENSG00000104299,INTS9
ENSG00000197892,KIF13B
ENSG00000177669,MBOAT4
ENSG00000104695,PPP2CB
ENSG00000215262,KCNU1
ENSG00000020181,ADGRA2
ENSG00000285880,AC144573.1
ENSG00000188778,ADRB3
ENSG00000147548,NSD3
ENSG00000077782,FGFR1
ENSG00000147526,TACC1
ENSG00000168615,ADAM9
ENSG00000197140,ADAM32
ENSG00000168619,ADAM18
ENSG00000104755,ADAM2
ENSG00000104332,SFRP1
ENSG00000083168,KAT6A
ENSG00000104365,IKBKB
ENSG00000147432,CHRNB3
ENSG00000147434,CHRNA6
ENSG00000253729,PRKDC
ENSG00000288611,NPBWR1
ENSG00000082556,OPRK1
ENSG00000147509,RGS20
ENSG00000120992,LYPLA1
ENSG00000254087,LYN
ENSG00000172680,MOS
ENSG00000170786,SDR16C5
ENSG00000178538,CA8
ENSG00000104388,RAB2A
ENSG00000171316,CHD7
ENSG00000180828,BHLHE22
ENSG00000205268,PDE7A
ENSG00000066777,ARFGEF1
ENSG00000182674,KCNB2
ENSG00000121039,RDH10
ENSG00000164749,HNF4G
ENSG00000164687,FABP5
ENSG00000147588,PMP2
ENSG00000205186,FABP9
ENSG00000170323,FABP4
ENSG00000197416,FABP12
ENSG00000185015,CA13
ENSG00000133742,CA1
ENSG00000164879,CA3
ENSG00000104267,CA2
ENSG00000147613,PSKH2
ENSG00000123124,WWP1
ENSG00000170289,CNGB3
ENSG00000176566,DCAF4L2
ENSG00000156103,MMP16
ENSG00000104312,RIPK2
ENSG00000164951,PDP1
ENSG00000164949,GEM
ENSG00000197275,RAD54B
ENSG00000175305,CCNE2
ENSG00000156466,GDF6
ENSG00000104375,STK3
ENSG00000156486,KCNS2
ENSG00000132554,RGS22
ENSG00000104517,UBR5
ENSG00000164930,FZD6
ENSG00000174417,TRHR
ENSG00000205038,PKHD1L1
ENSG00000164794,KCNV1
ENSG00000164796,CSMD3
ENSG00000136960,ENPP2
ENSG00000175946,KLHL38
ENSG00000153317,ASAP1
ENSG00000155897,ADCY8
ENSG00000184156,KCNQ3
ENSG00000042832,TG
ENSG00000169427,KCNK9
ENSG00000169398,PTK2
ENSG00000204882,GPR20
ENSG00000181790,ADGRB1
ENSG00000160882,CYP11B1
ENSG00000179142,CYP11B2
ENSG00000184428,TOP1MT
ENSG00000147813,"NAPRT"
ENSG00000181085,MAPK15
ENSG00000261150,EPPK1
ENSG00000178209,PLEC
ENSG00000178685,PARP10
ENSG00000185000,DGAT1
ENSG00000160949,TONSL
ENSG00000167702,KIFC2
ENSG00000080503,SMARCA2
ENSG00000168263,KCNV2
ENSG00000107249,GLIS3
ENSG00000106688,SLC1A1
ENSG00000096968,JAK2
ENSG00000107077,KDM4C
ENSG00000164946,FREM1
ENSG00000171855,IFNB1
ENSG00000177047,IFNW1
ENSG00000137080,IFNA21
ENSG00000236637,IFNA4
ENSG00000214042,IFNA7
ENSG00000186803,IFNA10
ENSG00000147885,IFNA16
ENSG00000234829,IFNA17
ENSG00000228083,IFNA14
ENSG00000147873,IFNA5
ENSG00000198642,KLHL9
ENSG00000120235,IFNA6
ENSG00000233816,IFNA13
ENSG00000188379,IFNA2
ENSG00000120242,IFNA8
ENSG00000197919,IFNA1
ENSG00000184995,IFNE
ENSG00000184434,LRRC19
ENSG00000120156,TEK
ENSG00000147896,IFNK
ENSG00000122728,TAF1L
ENSG00000165269,AQP7
ENSG00000165272,AQP3
ENSG00000186638,KIF24
ENSG00000122756,CNTFR
ENSG00000258728,AL162231.3
ENSG00000137070,IL11RA
ENSG00000172724,CCL19
ENSG00000137077,CCL21
ENSG00000165280,VCP
ENSG00000165283,STOML2
ENSG00000107140,TESK1
ENSG00000107159,CA9
ENSG00000107175,CREB3
ENSG00000159899,NPR2
ENSG00000185972,CCIN
ENSG00000165304,MELK
ENSG00000137124,ALDH1B1
ENSG00000106714,CNTNAP3
ENSG00000154529,CNTNAP3B
ENSG00000283378,CNTNAP3C
ENSG00000107242,PIP5K1B
ENSG00000165059,PRKACG
ENSG00000083067,TRPM3
ENSG00000165092,ALDH1A1
ENSG00000198963,RORB
ENSG00000119121,TRPM6
ENSG00000099139,PCSK5
ENSG00000165105,RASEF
ENSG00000165115,KIF27
ENSG00000148053,NTRK2
ENSG00000196730,DAPK1
ENSG00000135047,CTSL
ENSG00000156345,CDK20
ENSG00000213694,S1PR3
ENSG00000165023,DIRAS2
ENSG00000165025,SYK
ENSG00000169071,ROR2
ENSG00000106819,ASPN
ENSG00000157303,SUSD3
ENSG00000197724,PHF2
ENSG00000130957,FBP2
ENSG00000165140,FBP1
ENSG00000148120,AOPEP
ENSG00000130948,HSD17B3
ENSG00000136943,CTSV
ENSG00000136928,GABBR2
ENSG00000106799,TGFBR1
ENSG00000119508,NR4A3
ENSG00000023318,ERP44
ENSG00000198785,GRIN3A
ENSG00000186881,OR13F1
ENSG00000165029,ABCA1
ENSG00000148156,ACTL7B
ENSG00000187003,ACTL7A
ENSG00000165124,SVEP1
ENSG00000030304,MUSK
ENSG00000198121,LPAR1
ENSG00000119471,HSDL2
ENSG00000138835,RGS3
ENSG00000136883,KIF12
ENSG00000181634,TNFSF15
ENSG00000182752,PAPPA
ENSG00000136869,TLR4
ENSG00000106804,C5
ENSG00000119396,RAB14
ENSG00000148175,STOM
ENSG00000095303,PTGS1
ENSG00000188394,GPR21
ENSG00000180264,ADGRD2
ENSG00000136918,WDR38
ENSG00000119414,PPP6C
ENSG00000044574,HSPA5
ENSG00000136828,RALGPS1
ENSG00000136856,SLC2A8
ENSG00000136807,CDK9
ENSG00000106991,ENG
ENSG00000167103,PIP5KL1
ENSG00000148346,LCN2
ENSG00000106976,DNM1
ENSG00000197694,SPTAN1
ENSG00000160447,PKN3
ENSG00000095321,CRAT
ENSG00000136878,USP20
ENSG00000148357,HMCN2
ENSG00000097007,ABL1
ENSG00000107263,RAPGEF1
ENSG00000170835,CEL
ENSG00000160271,RALGDS
ENSG00000285245,AL162417.1
ENSG00000171102,OBP2B
ENSG00000160326,SLC2A6
ENSG00000169925,BRD3
ENSG00000196363,WDR5
ENSG00000186350,RXRA
ENSG00000160349,LCN1
ENSG00000122136,OBP2A
ENSG00000122133,PAEP
ENSG00000148386,LCN9
ENSG00000107147,KCNT1
ENSG00000148384,INPP5E
ENSG00000187922,LCN10
ENSG00000204003,AL355987.1
ENSG00000267206,LCN6
ENSG00000204001,LCN8
ENSG00000177984,LCN15
ENSG00000184925,LCN12
ENSG00000107317,PTGDS
ENSG00000284341,AL807752.7
ENSG00000214402,LCNL1
ENSG00000107331,ABCA2
ENSG00000176884,GRIN1
ENSG00000188566,NDOR1
ENSG00000188229,TUBB4B
ENSG00000181090,EHMT1
ENSG00000148408,CACNA1B
ENSG00000278183,ABCC1
ENSG00000273554,AC136616.1
ENSG00000205755,CRLF2
ENSG00000198223,CSF2RA
ENSG00000185291,IL3RA
ENSG00000182162,P2RY8
ENSG00000101825,MXRA5
ENSG00000183943,PRKX
ENSG00000146938,NLGN4X
ENSG00000196664,TLR7
ENSG00000101916,TLR8
ENSG00000123595,RAB9A
ENSG00000101958,GLRA2
ENSG00000102010,BMX
ENSG00000169239,CA5B
ENSG00000126010,GRPR
ENSG00000169906,S100G
ENSG00000008086,CDKL5
ENSG00000086717,PPEF1
ENSG00000173698,ADGRG2
ENSG00000180815,MAP3K15
ENSG00000177189,RPS6KA3
ENSG00000185915,KLHL34
ENSG00000102174,PHEX
ENSG00000174010,KLHL15
ENSG00000067992,PDK3
ENSG00000101868,POLA1
ENSG00000198947,DMD
ENSG00000165168,CYBB
ENSG00000229674,H2AL1RP
ENSG00000101955,SRPX
ENSG00000124486,USP9X
ENSG00000188937,NYX
ENSG00000171659,GPR34
ENSG00000171657,GPR82
ENSG00000189221,MAOA
ENSG00000069535,MAOB
ENSG00000147050,KDM6A
ENSG00000065923,SLC9A7
ENSG00000102221,JADE3
ENSG00000130985,UBA1
ENSG00000102225,CDK16
ENSG00000102226,USP11
ENSG00000078061,ARAF
ENSG00000126767,ELK1
ENSG00000102312,PORCN
ENSG00000147155,EBP
ENSG00000286268,AF196969.1
ENSG00000015285,WAS
ENSG00000101945,SUV39H1
ENSG00000094631,HDAC6
ENSG00000187682,ERAS
ENSG00000102096,PIM2
ENSG00000102057,KCND1
ENSG00000102001,CACNA1F
ENSG00000273820,USP27X
ENSG00000147082,CCNB3
ENSG00000274588,DGKK
ENSG00000130385,BMP15
ENSG00000184194,GPR173
ENSG00000126012,KDM5C
ENSG00000124313,IQSEC2
ENSG00000072506,HSD17B10
ENSG00000086758,HUWE1
ENSG00000172943,PHF8
ENSG00000158571,PFKFB1
ENSG00000247746,USP51
ENSG00000165591,FAAH2
ENSG00000198455,ZXDB
ENSG00000198205,ZXDA
ENSG00000089472,HEPH
ENSG00000169083,AR
ENSG00000147160,AWAT2
ENSG00000184210,DGAT2L6
ENSG00000204195,AWAT1
ENSG00000186912,P2RY4
ENSG00000147127,RAB41
ENSG00000090889,KIF4A
ENSG00000285171,AL590764.2
ENSG00000147168,IL2RG
ENSG00000196338,NLGN3
ENSG00000169562,GJB1
ENSG00000147133,TAF1
ENSG00000186810,CXCR3
ENSG00000186871,ERCC6L
ENSG00000285547,AL133500.1
ENSG00000147099,HDAC8
ENSG00000147100,SLC16A2
ENSG00000050030,NEXMIF
ENSG00000131269,ABCB7
ENSG00000196468,FGF16
ENSG00000085224,ATRX
ENSG00000165240,ATP7A
ENSG00000173198,CYSLTR1
ENSG00000147145,LPAR4
ENSG00000078589,P2RY10
ENSG00000072133,RPS6KA6
ENSG00000102271,KLHL4
ENSG00000102359,SRPX2
ENSG00000007952,NOX1
ENSG00000174225,ARL13A
ENSG00000102385,DRP2
ENSG00000010671,BTK
ENSG00000188828,GLRA4
ENSG00000123570,RAB9B
ENSG00000123572,NRK
ENSG00000123561,SERPINA7
ENSG00000133124,IRS4
ENSG00000101890,GUCY2F
ENSG00000077264,PAK3
ENSG00000077279,DCX
ENSG00000072315,TRPC5
ENSG00000147246,HTR2C
ENSG00000123496,IL13RA2
ENSG00000180772,AGTR2
ENSG00000268104,SLC6A14
ENSG00000003096,KLHL13
ENSG00000131724,IL13RA1
ENSG00000125675,GRIA3
ENSG00000101966,XIAP
ENSG00000183918,SH2D1A
ENSG00000123165,ACTRT1
ENSG00000102038,SMARCA1
ENSG00000122126,OCRL
ENSG00000102034,ELF4
ENSG00000134594,RAB33A
ENSG00000147262,GPR119
ENSG00000134602,STK26
ENSG00000123728,RAP2C
ENSG00000198689,SLC9A6
ENSG00000156920,ADGRG4
ENSG00000102239,BRS3
ENSG00000102245,CD40LG
ENSG00000165370,GPR101
ENSG00000156925,ZIC3
ENSG00000102195,GPR50
ENSG00000183862,CNGA2
ENSG00000102287,GABRE
ENSG00000011677,GABRA3
ENSG00000268089,GABRQ
ENSG00000147400,CETN2
ENSG00000182492,BGN
ENSG00000067842,ATP2B3
ENSG00000130822,PNCK
ENSG00000130821,SLC6A8
ENSG00000184343,SRPK3
ENSG00000198910,L1CAM
ENSG00000126895,AVPR2
ENSG00000184216,IRAK1
ENSG00000196924,FLNA
ENSG00000269335,IKBKG
ENSG00000185010,F8
ENSG00000274183,H2AB1
ENSG00000155961,RAB39B
ENSG00000277858,H2AB2
ENSG00000277745,H2AB3
ENSG00000099725,PRKY
ENSG00000114374,USP9Y
ENSG00000183878,UTY
ENSG00000165246,NLGN4Y
ENSG00000012817,KDM5D
ENSG00000116830,TTF2
ENSG00000163399,ATP1A1
ENSG00000163393,SLC22A15
ENSG00000213281,NRAS
ENSG00000155366,RHOC
ENSG00000271810,AL603832.3
ENSG00000155367,PPM1J
ENSG00000155380,SLC16A1
ENSG00000163349,HIPK1
ENSG00000168765,GSTM4
ENSG00000213366,GSTM2
ENSG00000134184,GSTM1
ENSG00000134201,GSTM5
ENSG00000134202,GSTM3
ENSG00000197106,SLC6A17
ENSG00000116396,KCNC4
ENSG00000168679,SLC16A4
ENSG00000143105,KCNA10
ENSG00000177301,KCNA2
ENSG00000177272,KCNA3
ENSG00000282608,ADORA3
ENSG00000116473,RAP1A
ENSG00000171385,KCND3
ENSG00000198890,PRMT6
ENSG00000170989,S1PR1
ENSG00000162692,VCAM1
ENSG00000181656,GPR88
ENSG00000198691,ABCA4
ENSG00000188641,DPYD
ENSG00000172031,EPHX4
ENSG00000137948,BRDT
ENSG00000069702,TGFBR3
ENSG00000097046,CDC7
ENSG00000142875,PRKACB
ENSG00000171517,LPAR3
ENSG00000153898,MCOLN2
ENSG00000055732,MCOLN3
ENSG00000065243,PKN2
ENSG00000117114,ADGRL2
ENSG00000162618,ADGRL4
ENSG00000122420,PTGFR
ENSG00000162614,NEXN
ENSG00000077254,USP33
ENSG00000117054,ACADM
ENSG00000162621,LRRC53
ENSG00000259030,FPGT-TNNI3K
ENSG00000116783,TNNI3K
ENSG00000162594,IL23R
ENSG00000081985,IL12RB2
ENSG00000162595,DIRAS3
ENSG00000050628,PTGER3
ENSG00000162434,JAK1
ENSG00000116675,DNAJC6
ENSG00000116678,LEPR
ENSG00000184588,PDE4B
ENSG00000162607,USP1
ENSG00000203965,EFCAB7
ENSG00000185483,ROR1
ENSG00000134716,CYP2J2
ENSG00000162409,PRKAA2
ENSG00000157131,C8A
ENSG00000021852,C8B
ENSG00000162402,USP24
ENSG00000169174,PCSK9
ENSG00000157211,CDCP2
ENSG00000088280,ASAP3
ENSG00000011009,LYPLA2
ENSG00000188822,CNR2
ENSG00000020633,RUNX3
ENSG00000182749,PAQR7
ENSG00000158006,PAFAH2
ENSG00000175087,PDIK1L
ENSG00000188782,CATSPER4
ENSG00000131914,LIN28A
ENSG00000117676,RPS6KA1
ENSG00000090020,SLC9A1
ENSG00000142733,MAP3K6
ENSG00000181773,GPR3
ENSG00000000938,FGR
ENSG00000169403,PTAFR
ENSG00000188060,RAB42
ENSG00000116329,OPRD1
ENSG00000060688,SNRNP40
ENSG00000121769,FABP3
ENSG00000142910,TINAGL1
ENSG00000121764,HCRTR1
ENSG00000121753,ADGRB2
ENSG00000182866,LCK
ENSG00000116478,HDAC1
ENSG00000162526,TSSK3
ENSG00000121904,CSMD2
ENSG00000189280,GJB5
ENSG00000189433,GJB4
ENSG00000188910,GJB3
ENSG00000187513,GJA4
ENSG00000119535,CSF3R
ENSG00000163873,GRIK3
ENSG00000183317,EPHA10
ENSG00000204084,INPP5B
ENSG00000131233,GJA9
ENSG00000127603,MACF1
ENSG00000183682,BMP8A
ENSG00000116985,BMP8B
ENSG00000084070,SMAP2
ENSG00000117013,KCNQ4
ENSG00000065978,YBX1
ENSG00000117394,SLC2A1
ENSG00000066056,TIE1
ENSG00000284989,AL451062.3
ENSG00000066135,KDM4A
ENSG00000196517,SLC6A9
ENSG00000142945,KIF2C
ENSG00000173846,PLK3
ENSG00000070759,TESK2
ENSG00000197429,IPP
ENSG00000117461,PIK3R3
ENSG00000278139,P3R3URF-PIK3R3
ENSG00000085999,RAD54L
ENSG00000117480,FAAH
ENSG00000079277,MKNK1
ENSG00000142973,CYP4B1
ENSG00000187048,CYP4A11
ENSG00000186377,CYP4X1
ENSG00000186160,CYP4Z1
ENSG00000162365,CYP4A22
ENSG00000169213,RAB3B
ENSG00000116157,GPX7
ENSG00000174348,PODN
ENSG00000162383,SLC1A7
ENSG00000157184,CPT2
ENSG00000174332,GLIS1
ENSG00000179546,HTR1D
ENSG00000004487,KDM1A
ENSG00000133216,EPHB2
ENSG00000070886,EPHA8
ENSG00000159363,ATP13A2
ENSG00000117154,IGSF21
ENSG00000179023,KLHDC7A
ENSG00000179002,TAS1R2
ENSG00000159423,ALDH4A1
ENSG00000158748,HTR6
ENSG00000117245,KIF17
ENSG00000117298,ECE1
ENSG00000162551,ALPL
ENSG00000090686,USP48
ENSG00000219073,CELA3B
ENSG00000142789,CELA3A
ENSG00000070831,CDC42
ENSG00000142615,CELA2A
ENSG00000215704,CELA2B
ENSG00000142627,EPHA2
ENSG00000162496,DHRS3
ENSG00000131584,ACAP3
ENSG00000127054,INTS11
ENSG00000169962,TAS1R3
ENSG00000189409,MMP23B
ENSG00000248333,CDK11B
ENSG00000008128,CDK11A
ENSG00000169885,CALML6
ENSG00000187730,GABRD
ENSG00000067606,PRKCZ
ENSG00000157933,SKI
ENSG00000142606,MMEL1
ENSG00000169717,ACTRT2
ENSG00000078900,TP73
ENSG00000116254,CHD5
ENSG00000173662,TAS1R1
ENSG00000162413,KLHL21
ENSG00000131686,CA6
ENSG00000197241,SLC2A7
ENSG00000142583,SLC2A5
ENSG00000171608,PIK3CD
ENSG00000162444,RBP7
ENSG00000054523,KIF1B
ENSG00000198793,MTOR
ENSG00000187961,KLHL17
