yourlist:M2022062792C7BAECDB1C5C413EE0E0348724B68200AB29C,Entry,Entry name
ENSP00000000233,P84085,ARF5_HUMAN
ENSP00000003084,P13569,CFTR_HUMAN
ENSP00000003302,Q96RU2,UBP28_HUMAN
ENSP00000005178,Q16654,PDK4_HUMAN
ENSP00000005257,P11233,RALA_HUMAN
ENSP00000012443,P53041,PPP5_HUMAN
ENSP00000013125,Q9Y4K4,M4K5_HUMAN
ENSP00000078445,Q68CJ9,CR3L3_HUMAN
ENSP00000155840,P51787,KCNQ1_HUMAN
ENSP00000155858,Q9NZQ8,TRPM5_HUMAN
ENSP00000158762,Q15027,ACAP1_HUMAN
ENSP00000159060,Q9HBY0,NOX3_HUMAN
ENSP00000160382,O94805,ACL6B_HUMAN
ENSP00000164139,P11217,PYGM_HUMAN
ENSP00000166244,P29322,EPHA8_HUMAN
ENSP00000168216,Q99714,HCD2_HUMAN
ENSP00000175238,Q9H2U9,ADAM7_HUMAN
ENSP00000194530,Q9C0K7,STRAB_HUMAN
ENSP00000199936,P37059,DHB2_HUMAN
ENSP00000200557,O75078,ADA11_HUMAN
ENSP00000200652,Q9H015,S22A4_HUMAN
ENSP00000201979,O75628,REM1_HUMAN
ENSP00000215659,P53778,MK12_HUMAN
ENSP00000215727,P05546,HEP2_HUMAN
ENSP00000215743,P24347,MMP11_HUMAN
ENSP00000215794,Q9UMW8,UBP18_HUMAN
ENSP00000215832,P28482,MK01_HUMAN
ENSP00000216101,Q92737,RSLAA_HUMAN
ENSP00000216144,Q86V35,CABP7_HUMAN
ENSP00000216274,Q9Y572,RIPK3_HUMAN
ENSP00000216392,P06737,PYGL_HUMAN
ENSP00000216911,O14965,AURKA_HUMAN
ENSP00000216962,P11216,PYGB_HUMAN
ENSP00000217270,Q8NFJ6,PKR2_HUMAN
ENSP00000218176,Q9NSA2,KCND1_HUMAN
ENSP00000218316,Q13585,MTR1L_HUMAN
ENSP00000219271,P51511,MMP15_HUMAN
ENSP00000219406,Q13087,PDIA2_HUMAN
ENSP00000219689,Q70CQ4,UBP31_HUMAN
ENSP00000219833,P23975,SC6A2_HUMAN
ENSP00000220507,Q96L33,RHOV_HUMAN
ENSP00000220751,O43353,RIPK2_HUMAN
ENSP00000220772,Q8N474,SFRP1_HUMAN
ENSP00000221138,P62714,PP2AB_HUMAN
ENSP00000221444,Q96RP8,KCNA7_HUMAN
ENSP00000221930,A0A499FJK2,A0A499FJK2_HUMAN
ENSP00000222330,P49840,GSK3A_HUMAN
ENSP00000222800,Q8NFV4,ABHDB_HUMAN
ENSP00000223023,O00401,WASL_HUMAN
ENSP00000223095,P05121,PAI1_HUMAN
ENSP00000223366,P35557,HXK4_HUMAN
ENSP00000225823,Q16515,ASIC2_HUMAN
ENSP00000226319,Q6IE81,JADE1_HUMAN
ENSP00000226413,P30968,GNRHR_HUMAN
ENSP00000227163,P17947,SPI1_HUMAN
ENSP00000227507,P24385,CCND1_HUMAN
ENSP00000228468,P78348,ASIC1_HUMAN
ENSP00000228705,Q9ULR3,PPM1H_HUMAN
ENSP00000228741,P41970,ELK3_HUMAN
ENSP00000229002,Q9H628,RERGL_HUMAN
ENSP00000229030,Q9ULW2,FZD10_HUMAN
ENSP00000229268,P45974,UBP5_HUMAN
ENSP00000229795,Q16539,MK14_HUMAN
ENSP00000230671,Q99884,SC6A7_HUMAN
ENSP00000231368,Q9UIQ6,LCAP_HUMAN
ENSP00000232217,P50120,RET2_HUMAN
ENSP00000232219,A0A0A0MQT0,A0A0A0MQT0_HUMAN
ENSP00000232766,O94889,KLH18_HUMAN
ENSP00000233057,P19525,E2AK2_HUMAN
ENSP00000233630,Q9BSM1,PCGF1_HUMAN
ENSP00000233710,P28330,ACADL_HUMAN
ENSP00000233969,Q9UBY0,SL9A2_HUMAN
ENSP00000234389,O60391,NMD3B_HUMAN
ENSP00000236826,P22894,MMP8_HUMAN
ENSP00000237654,Q14094,CCNI_HUMAN
ENSP00000238682,P10600,TGFB3_HUMAN
ENSP00000238738,P17081,RHOQ_HUMAN
ENSP00000239032,P49683,PRLHR_HUMAN
ENSP00000239882,P32519,ELF1_HUMAN
ENSP00000240093,Q9NPG1,FZD3_HUMAN
ENSP00000240285,Q8IZV5,RDH10_HUMAN
ENSP00000241416,P27037,AVR2A_HUMAN
ENSP00000241453,P36888,FLT3_HUMAN
ENSP00000241463,Q6T310,RSLBA_HUMAN
ENSP00000242208,P08476,INHBA_HUMAN
ENSP00000242462,Q9Y4Z2,NGN3_HUMAN
ENSP00000242994,Q9HD90,NDF4_HUMAN
ENSP00000243786,P05111,INHA_HUMAN
ENSP00000244051,O95396,MOCS3_HUMAN
ENSP00000245451,P12644,BMP4_HUMAN
ENSP00000245796,Q8NDX1,PSD4_HUMAN
ENSP00000246024,Q9H1E5,TMX4_HUMAN
ENSP00000246186,Q9Y5R2,MMP24_HUMAN
ENSP00000246747,P36404,ARL2_HUMAN
ENSP00000246792,P10301,RRAS_HUMAN
ENSP00000247005,P27539,GDF1_HUMAN
ENSP00000248706,Q9BPW5,RSLBB_HUMAN
ENSP00000249016,Q99705,MCHR1_HUMAN
ENSP00000249396,Q8IXJ6,SIR2_HUMAN
ENSP00000249750,O94788,AL1A2_HUMAN
ENSP00000251102,Q14028,CNGB1_HUMAN
ENSP00000251287,Q9UL51,HCN2_HUMAN
ENSP00000251412,Q9NRH3,TBG2_HUMAN
ENSP00000251413,P23258,TBG1_HUMAN
ENSP00000252011,Q9H5Z1,DHX35_HUMAN
ENSP00000252321,P22460,KCNA5_HUMAN
ENSP00000252677,O95972,BMP15_HUMAN
ENSP00000252711,O95299,NDUAA_HUMAN
ENSP00000252809,Q99988,GDF15_HUMAN
ENSP00000252826,Q8TD43,TRPM4_HUMAN
ENSP00000252835,Q8NG94,O11H1_HUMAN
ENSP00000253055,Q02779,M3K10_HUMAN
ENSP00000253122,P48029,SC6A8_HUMAN
ENSP00000253577,O75027,ABCB7_HUMAN
ENSP00000254488,P48066,S6A11_HUMAN
ENSP00000254521,P56937,DHB7_HUMAN
ENSP00000254654,Q9H0C8,ILKAP_HUMAN
ENSP00000254722,P36955,PEDF_HUMAN
ENSP00000254846,O15054,KDM6B_HUMAN
ENSP00000255266,P16499,PDE6A_HUMAN
ENSP00000255465,P78396,CCNA1_HUMAN
ENSP00000256103,P02689,MYP2_HUMAN
ENSP00000256412,O15204,ADEC1_HUMAN
ENSP00000256443,P50613,CDK7_HUMAN
ENSP00000256447,Q99467,CD180_HUMAN
ENSP00000256458,O43187,IRAK2_HUMAN
ENSP00000256460,Q14012,KCC1A_HUMAN
ENSP00000256496,Q9NVJ2,ARL8B_HUMAN
ENSP00000256906,Q9H3N8,HRH4_HUMAN
ENSP00000257068,P49286,MTR1B_HUMAN
ENSP00000257290,P16234,PGFRA_HUMAN
ENSP00000257527,Q9H013,ADA19_HUMAN
ENSP00000257548,Q70CQ3,UBP30_HUMAN
ENSP00000257895,Q92781,RDH5_HUMAN
ENSP00000257904,P11802,CDK4_HUMAN
ENSP00000257981,Q9ULD8,KCNH3_HUMAN
ENSP00000258399,Q86T82,UBP37_HUMAN
ENSP00000258494,Q3SY69,AL1L2_HUMAN
ENSP00000258499,Q9H0E7,UBP44_HUMAN
ENSP00000259470,O60911,CATL2_HUMAN
ENSP00000259711,Q9H1H9,KI13A_HUMAN
ENSP00000259727,P36959,GMPR1_HUMAN
ENSP00000259782,Q9UJW2,TINAG_HUMAN
ENSP00000259808,Q13546,RIPK1_HUMAN
ENSP00000260010,O60603,TLR2_HUMAN
ENSP00000260227,P09237,MMP7_HUMAN
ENSP00000260228,O60882,MMP20_HUMAN
ENSP00000260229,Q9H306,MMP27_HUMAN
ENSP00000260302,P45452,MMP13_HUMAN
ENSP00000260408,O14672,ADA10_HUMAN
ENSP00000260682,P11712,CP2C9_HUMAN
ENSP00000260746,P36405,ARL3_HUMAN
ENSP00000261180,Q9UKU6,TRHDE_HUMAN
ENSP00000261233,Q9Y616,IRAK3_HUMAN
ENSP00000261402,O60285,NUAK1_HUMAN
ENSP00000261497,Q9UPT9,UBP22_HUMAN
ENSP00000261601,P54578,UBP14_HUMAN
ENSP00000261636,P40616,ARL1_HUMAN
ENSP00000261799,P09619,PGFRB_HUMAN
ENSP00000261845,Q16659,MK06_HUMAN
ENSP00000261879,Q8WW43,APH1B_HUMAN
ENSP00000261917,Q9Y3Q4,HCN4_HUMAN
ENSP00000261937,P35916,VGFR3_HUMAN
ENSP00000261994,Q9UK55,ZPI_HUMAN
ENSP00000262053,P18846,ATF1_HUMAN
ENSP00000262065,Q15546,PAQRB_HUMAN
ENSP00000262158,O15105,SMAD7_HUMAN
ENSP00000262186,Q12809,KCNH2_HUMAN
ENSP00000262187,Q15382,RHEB_HUMAN
ENSP00000262519,O15047,SET1A_HUMAN
ENSP00000262643,P24864,CCNE1_HUMAN
ENSP00000262752,Q9UK32,KS6A6_HUMAN
ENSP00000262916,P56696,KCNQ4_HUMAN
ENSP00000262948,P36507,MP2K2_HUMAN
ENSP00000262960,Q86TI2,DPP9_HUMAN
ENSP00000263056,P41279,M3K8_HUMAN
ENSP00000263125,Q04759,KPCT_HUMAN
ENSP00000263181,Q8NI77,KI18A_HUMAN
ENSP00000263269,O15399,NMDE4_HUMAN
ENSP00000263694,Q96DI7,SNR40_HUMAN
ENSP00000263798,Q06418,TYRO3_HUMAN
ENSP00000263800,P29376,LTK_HUMAN
ENSP00000263923,P35968,VGFR2_HUMAN
ENSP00000263934,O60333,KIF1B_HUMAN
ENSP00000263966,Q92995,UBP13_HUMAN
ENSP00000263980,P19634,SL9A1_HUMAN
ENSP00000264071,P04350,TBB4A_HUMAN
ENSP00000264079,Q9GZU1,MCLN1_HUMAN
ENSP00000264159,Q5FWF4,ZRAB3_HUMAN
ENSP00000264346,Q8IVU3,HERC6_HUMAN
ENSP00000264377,O75077,ADA23_HUMAN
ENSP00000264431,Q9Y4G8,RPGF2_HUMAN
ENSP00000264661,Q9UQ05,KCNH4_HUMAN
ENSP00000264917,O95263,PDE8B_HUMAN
ENSP00000264938,P48764,SL9A3_HUMAN
ENSP00000265080,O14827,RGRF2_HUMAN
ENSP00000265148,Q02224,CENPE_HUMAN
ENSP00000265334,Q8IVW4,CDKL3_HUMAN
ENSP00000265372,Q03060,CREM_HUMAN
ENSP00000265707,Q9Y3Q7,ADA18_HUMAN
ENSP00000265708,Q99965,ADAM2_HUMAN
ENSP00000265727,Q9P0K1,ADA22_HUMAN
ENSP00000265969,P48547,KCNC1_HUMAN
ENSP00000265983,P02790,HEMO_HUMAN
ENSP00000265990,O14981,BTAF1_HUMAN
ENSP00000266397,Q96DN0,ERP27_HUMAN
ENSP00000266646,P58166,INHBE_HUMAN
ENSP00000266682,Q9H2J7,S6A15_HUMAN
ENSP00000267082,P26010,ITB7_HUMAN
ENSP00000267101,P21860,ERBB3_HUMAN
ENSP00000267205,Q9HBH0,RHOF_HUMAN
ENSP00000267396,Q8IYK8,REM2_HUMAN
ENSP00000268919,Q8N4N8,KIF2B_HUMAN
ENSP00000269489,A0A0A0MQW3,A0A0A0MQW3_HUMAN
ENSP00000269571,P04626,ERBB2_HUMAN
ENSP00000269586,A6NH57,ARL5C_HUMAN
ENSP00000270112,P57058,HUNK_HUMAN
ENSP00000270225,Q9UBE0,SAE1_HUMAN
ENSP00000270349,Q01959,SC6A3_HUMAN
ENSP00000270357,Q9HAU8,RNPL1_HUMAN
ENSP00000271064,Q9GZM7,TINAL_HUMAN
ENSP00000271555,Q14814,MEF2D_HUMAN
ENSP00000271640,Q15047,SETB1_HUMAN
ENSP00000271889,Q8TEY5,CR3L4_HUMAN
ENSP00000272134,O75610,LFTY1_HUMAN
ENSP00000272224,Q7Z4P5,GDF7_HUMAN
ENSP00000272519,P11234,RALB_HUMAN
ENSP00000273173,Q9Y267,S22AE_HUMAN
ENSP00000273814,P52824,DGKQ_HUMAN
ENSP00000274024,P12104,FABPI_HUMAN
ENSP00000274026,P20248,CCNA2_HUMAN
ENSP00000274063,Q96HF1,SFRP2_HUMAN
ENSP00000274710,Q9BQI7,PSD2_HUMAN
ENSP00000275200,Q969N4,TAAR8_HUMAN
ENSP00000275300,O75751,S22A3_HUMAN
ENSP00000275815,P21709,EPHA1_HUMAN
ENSP00000276052,Q00536,CDK16_HUMAN
ENSP00000277120,Q16620,NTRK2_HUMAN
ENSP00000277942,Q9GZQ6,NPFF1_HUMAN
ENSP00000278407,P05155,IC1_HUMAN
ENSP00000279178,Q8IVM8,S22A9_HUMAN
ENSP00000280684,P17658,KCNA6_HUMAN
ENSP00000280701,Q9NWU1,OXSM_HUMAN
ENSP00000281419,O43150,ASAP2_HUMAN
ENSP00000281701,O15381,NVL_HUMAN
ENSP00000281806,Q969V1,MCHR2_HUMAN
ENSP00000282020,O43424,GRID2_HUMAN
ENSP00000282026,Q969Q4,ARL11_HUMAN
ENSP00000282096,Q13370,PDE3B_HUMAN
ENSP00000282397,P17948,VGFR1_HUMAN
ENSP00000282412,O75688,PPM1B_HUMAN
ENSP00000282499,P48058,GRIA4_HUMAN
ENSP00000282753,Q13255,GRM1_HUMAN
ENSP00000283147,P22004,BMP6_HUMAN
ENSP00000285199,Q70EL4,UBP43_HUMAN
ENSP00000285667,P48723,HSP13_HUMAN
ENSP00000285979,P33260,CP2CI_HUMAN
ENSP00000286201,O75084,FZD7_HUMAN
ENSP00000286301,P07333,CSF1R_HUMAN
ENSP00000286614,P51512,MMP16_HUMAN
ENSP00000286628,Q12791,KCMA1_HUMAN
ENSP00000287020,Q6KF10,GDF6_HUMAN
ENSP00000287042,Q9ULS6,KCNS2_HUMAN
ENSP00000287878,Q9UGJ0,AAKG2_HUMAN
ENSP00000287934,Q9UP38,FZD1_HUMAN
ENSP00000288135,P10721,KIT_HUMAN
ENSP00000289104,O14807,RASM_HUMAN
ENSP00000289228,P42025,ACTY_HUMAN
ENSP00000290277,P10398,ARAF_HUMAN
ENSP00000290354,O75828,CBR3_HUMAN
ENSP00000290573,P52789,HXK2_HUMAN
ENSP00000291442,P10588,NR2F6_HUMAN
ENSP00000291592,Q9BY71,LRRC3_HUMAN
ENSP00000291823,Q8NE63,HIPK4_HUMAN
ENSP00000291906,Q6P5Z2,PKN3_HUMAN
ENSP00000292408,P22455,FGFR4_HUMAN
ENSP00000292432,P52790,HXK3_HUMAN
ENSP00000293190,Q14957,NMDE3_HUMAN
ENSP00000293217,Q15067,ACOX1_HUMAN
ENSP00000293255,Q9NP86,CABP5_HUMAN
ENSP00000293350,Q8IZ83,A16A1_HUMAN
ENSP00000293502,Q8NEX9,DR9C7_HUMAN
ENSP00000294288,Q9NPB3,CABP2_HUMAN
ENSP00000294383,Q9UPU5,UBP24_HUMAN
ENSP00000294435,Q96R05,RET7_HUMAN
ENSP00000294635,A6NM62,LRC53_HUMAN
ENSP00000295082,Q9H3M0,KCNF1_HUMAN
ENSP00000295108,Q13562,NDF1_HUMAN
ENSP00000295113,Q92765,SFRP3_HUMAN
ENSP00000295190,Q7RTX9,MOT14_HUMAN
ENSP00000295228,P09529,INHBB_HUMAN
ENSP00000295269,Q6AI14,SL9A4_HUMAN
ENSP00000295408,Q12866,MERTK_HUMAN
ENSP00000295640,Q9H4A4,AMPB_HUMAN
ENSP00000295757,Q96DB2,HDA11_HUMAN
ENSP00000295777,Q99574,NEUS_HUMAN
ENSP00000295834,P07148,FABPL_HUMAN
ENSP00000296456,P13798,ACPH_HUMAN
ENSP00000296464,O95757,HS74L_HUMAN
ENSP00000296474,Q04912,RON_HUMAN
ENSP00000296526,P42262,GRIA2_HUMAN
ENSP00000296754,Q9NZ08,ERAP1_HUMAN
ENSP00000296795,O15455,TLR3_HUMAN
ENSP00000296859,Q8TEU7,RPGF6_HUMAN
ENSP00000297012,Q96QV6,H2A1A_HUMAN
ENSP00000297142,Q96NK8,NDF6_HUMAN
ENSP00000297293,Q8IWU2,LMTK2_HUMAN
ENSP00000297512,Q9UHC3,ASIC3_HUMAN
ENSP00000297596,P55040,GEM_HUMAN
ENSP00000298032,Q5W041,ARMC3_HUMAN
ENSP00000298316,P62330,ARF6_HUMAN
ENSP00000298386,Q8WXD0,RXFP2_HUMAN
ENSP00000298875,Q9P2I0,CPSF2_HUMAN
ENSP00000299529,P29762,RABP1_HUMAN
ENSP00000299608,Q96JJ7,TMX3_HUMAN
ENSP00000299798,Q14940,SL9A5_HUMAN
ENSP00000299855,P08254,MMP3_HUMAN
ENSP00000300060,P15144,AMPN_HUMAN
ENSP00000300061,P51170,SCNNG_HUMAN
ENSP00000300093,P53350,PLK1_HUMAN
ENSP00000301068,Q8TAI7,REBL1_HUMAN
ENSP00000301141,P11509,CP2A6_HUMAN
ENSP00000301146,P20853,CP2A7_HUMAN
ENSP00000301178,P30530,UFO_HUMAN
ENSP00000301218,Q16478,GRIK5_HUMAN
ENSP00000301962,Q9H9J4,UBP42_HUMAN
ENSP00000302051,O95672,ECEL1_HUMAN
ENSP00000302216,Q92858,ATOH1_HUMAN
ENSP00000302486,Q02750,MP2K1_HUMAN
ENSP00000302811,P48039,MTR1A_HUMAN
ENSP00000302895,Q8WZ64,ARAP2_HUMAN
ENSP00000302961,P34932,HSP74_HUMAN
ENSP00000303192,Q9NZL6,RGL1_HUMAN
"ENSP00000303373,ENSP00000483842",P04908,H2A1B_HUMAN
ENSP00000303434,Q8NB14,UBP38_HUMAN
ENSP00000303580,Q9NYR9,KBRS2_HUMAN
ENSP00000303706,P30304,MPIP1_HUMAN
ENSP00000303775,Q8TCW9,PKR1_HUMAN
ENSP00000304127,Q8TAE7,KCNG3_HUMAN
ENSP00000304226,Q9H422,HIPK3_HUMAN
ENSP00000304643,Q8TD86,CALL6_HUMAN
ENSP00000305302,Q695T7,S6A19_HUMAN
ENSP00000305465,Q8N807,PDILT_HUMAN
ENSP00000306010,P18085,ARF4_HUMAN
ENSP00000306138,P41594,GRM5_HUMAN
ENSP00000306340,J3KNE8,J3KNE8_HUMAN
ENSP00000306410,Q5T2S8,ODAD2_HUMAN
ENSP00000306627,Q4G0N8,SL9C1_HUMAN
ENSP00000306754,Q15784,NDF2_HUMAN
ENSP00000306894,P41161,ETV5_HUMAN
ENSP00000307078,P33176,KINH_HUMAN
ENSP00000307208,Q12830,BPTF_HUMAN
ENSP00000307342,O60741,HCN1_HUMAN
ENSP00000307697,Q99424,ACOX2_HUMAN
ENSP00000307822,Q9Y5X5,NPFF2_HUMAN
ENSP00000308032,Q96SQ9,CP2S1_HUMAN
ENSP00000308413,Q9UBS0,KS6B2_HUMAN
ENSP00000308461,Q92730,RND1_HUMAN
ENSP00000308496,Q8N8L6,ARL10_HUMAN
ENSP00000308576,O00212,RHOD_HUMAN
ENSP00000308716,P55103,INHBC_HUMAN
ENSP00000308926,Q5JR12,PPM1J_HUMAN
ENSP00000309198,Q15386,UBE3C_HUMAN
ENSP00000309262,Q86UV5,UBP48_HUMAN
ENSP00000309597,Q16584,M3K11_HUMAN
ENSP00000309751,Q7RTY0,MOT13_HUMAN
ENSP00000310094,Q9UL54,TAOK2_HUMAN
ENSP00000310149,Q8TAV3,CP2W1_HUMAN
ENSP00000310241,Q9Y226,S22AD_HUMAN
ENSP00000310244,O95267,GRP1_HUMAN
ENSP00000310490,Q8NCK7,MOT11_HUMAN
ENSP00000310649,Q8TDC3,BRSK1_HUMAN
ENSP00000310661,Q9NP56,PDE7B_HUMAN
ENSP00000310832,Q9UBX1,CATF_HUMAN
ENSP00000311005,Q13164,MK07_HUMAN
ENSP00000311010,Q9UKW6,ELF5_HUMAN
ENSP00000311135,Q8IY37,DHX37_HUMAN
ENSP00000311280,Q99607,ELF4_HUMAN
ENSP00000311713,O95747,OXSR1_HUMAN
ENSP00000312082,Q9NR97,TLR8_HUMAN
ENSP00000312129,Q8TDN1,KCNG4_HUMAN
ENSP00000312411,Q8WY54,PPM1E_HUMAN
ENSP00000312987,P41235,HNF4A_HUMAN
ENSP00000313811,Q9Y2K6,UBP20_HUMAN
ENSP00000314396,Q6P2P2,ANM9_HUMAN
ENSP00000315654,Q9UJ96,KCNG2_HUMAN
ENSP00000315743,Q16589,CCNG2_HUMAN
ENSP00000316329,Q86SK9,SCD5_HUMAN
ENSP00000316357,Q93008,USP9X_HUMAN
ENSP00000316518,Q8NGT5,OR9A2_HUMAN
ENSP00000316605,Q9NQW8,CNGB3_HUMAN
ENSP00000316674,Q8TC94,ACTL9_HUMAN
ENSP00000316729,Q9H4E5,RHOJ_HUMAN
ENSP00000316786,P80365,DHI2_HUMAN
ENSP00000316948,Q9HAZ1,CLK4_HUMAN
ENSP00000317272,P08581,MET_HUMAN
ENSP00000317310,Q9NZU7,CABP1_HUMAN
ENSP00000317333,Q9H2A3,NGN2_HUMAN
ENSP00000317580,Q92886,NGN1_HUMAN
ENSP00000317997,Q9NRD9,DUOX1_HUMAN
ENSP00000318697,Q9BUF5,TBB6_HUMAN
ENSP00000318799,Q8NFJ8,BHE22_HUMAN
ENSP00000318997,Q8NGC9,O11H4_HUMAN
ENSP00000319071,Q8NGC7,O11H6_HUMAN
ENSP00000319991,O15403,MOT7_HUMAN
ENSP00000320295,Q13509,TBB3_HUMAN
ENSP00000320324,P55786,PSA_HUMAN
ENSP00000320821,O43896,KIF1C_HUMAN
ENSP00000321656,P30307,MPIP3_HUMAN
ENSP00000321735,O95907,MOT3_HUMAN
ENSP00000321804,Q8N4S7,PAQR4_HUMAN
ENSP00000321853,P08697,A2AP_HUMAN
ENSP00000321971,Q8IXI1,MIRO2_HUMAN
ENSP00000322304,Q9H237,PORCN_HUMAN
ENSP00000322628,P49703,ARL4D_HUMAN
ENSP00000322788,P03956,MMP1_HUMAN
ENSP00000323313,Q14554,PDIA5_HUMAN
ENSP00000323847,Q8N4G2,ARL14_HUMAN
ENSP00000323867,P54619,AAKG1_HUMAN
ENSP00000323901,Q14332,FZD2_HUMAN
ENSP00000323926,Q7Z2W7,TRPM8_HUMAN
ENSP00000324127,Q9NYI0,PSD3_HUMAN
ENSP00000324806,P49841,GSK3B_HUMAN
ENSP00000324856,Q15831,STK11_HUMAN
ENSP00000324960,P57796,CABP4_HUMAN
ENSP00000326219,Q9BTZ2,DHRS4_HUMAN
ENSP00000327255,P35813,PPM1A_HUMAN
ENSP00000327440,Q7Z5Y6,BMP8A_HUMAN
ENSP00000327687,E7ENK3,E7ENK3_HUMAN
ENSP00000327801,P07237,PDIA1_HUMAN
ENSP00000328484,Q99878,H2A1J_HUMAN
ENSP00000328511,P22459,KCNA4_HUMAN
ENSP00000328625,Q86YC3,LRC33_HUMAN
ENSP00000328813,Q96L42,KCNH8_HUMAN
ENSP00000329647,Q5JWF8,ACL10_HUMAN
ENSP00000330148,Q9ULK0,GRID1_HUMAN
ENSP00000330199,Q9H1V8,S6A17_HUMAN
ENSP00000331040,Q13516,OLIG2_HUMAN
ENSP00000331602,Q05655,KPCD_HUMAN
ENSP00000331727,Q9NS40,KCNH7_HUMAN
ENSP00000331745,Q9NR23,GDF3_HUMAN
ENSP00000332549,Q12879,NMDE1_HUMAN
ENSP00000332679,Q16696,CP2AD_HUMAN
ENSP00000333203,P05154,IPSP_HUMAN
ENSP00000333212,Q7Z449,CP2U1_HUMAN
ENSP00000333262,Q15735,PI5PA_HUMAN
ENSP00000333275,P13056,NR2C1_HUMAN
ENSP00000333300,Q7Z5P4,DHB13_HUMAN
ENSP00000333329,Q6R6M4,U17L2_HUMAN
ENSP00000333376,Q70EL2,UBP45_HUMAN
ENSP00000333534,P24903,CP2F1_HUMAN
ENSP00000333547,Q15907,RB11B_HUMAN
ENSP00000334300,Q9Y615,ACL7A_HUMAN
ENSP00000334592,Q6VVX0,CP2R1_HUMAN
ENSP00000334801,Q6PKH6,DR4L2_HUMAN
ENSP00000335024,Q86U17,SPA11_HUMAN
ENSP00000335153,P07900,HS90A_HUMAN
ENSP00000336655,Q7RTN6,STRAA_HUMAN
ENSP00000336740,P53667,LIMK1_HUMAN
ENSP00000337103,P28329,CLAT_HUMAN
ENSP00000337133,Q86WD7,SPA9_HUMAN
ENSP00000337335,Q8TCC7,S22A8_HUMAN
ENSP00000338330,Q6TCH4,PAQR6_HUMAN
ENSP00000338627,Q9GZN6,S6A16_HUMAN
ENSP00000338671,O94844,RHBT1_HUMAN
ENSP00000338769,Q8TDY4,ASAP3_HUMAN
ENSP00000338864,Q7LDG7,GRP2_HUMAN
ENSP00000339136,Q7Z444,RASE_HUMAN
ENSP00000339208,Q6V1X1,DPP8_HUMAN
ENSP00000339260,Q9NSD5,S6A13_HUMAN
ENSP00000339467,P84095,RHOG_HUMAN
ENSP00000339754,P56559,ARL4C_HUMAN
ENSP00000339916,P53671,LIMK2_HUMAN
ENSP00000340361,Q13705,AVR2B_HUMAN
ENSP00000341564,Q6ZVX9,PAQR9_HUMAN
ENSP00000341843,Q9Y603,ETV7_HUMAN
ENSP00000342109,Q8IW75,SPA12_HUMAN
ENSP00000342136,O43889,CREB3_HUMAN
ENSP00000342235,Q15303,ERBB4_HUMAN
ENSP00000342560,Q9Y5N1,HRH3_HUMAN
ENSP00000342812,O00507,USP9Y_HUMAN
ENSP00000342850,P08185,CBG_HUMAN
ENSP00000343200,P84550,SKOR1_HUMAN
ENSP00000343526,O94782,UBP1_HUMAN
ENSP00000343656,A8MQ07,A8MQ07_HUMAN
ENSP00000343674,Q6HA08,ASTL_HUMAN
ENSP00000344220,O15530,PDPK1_HUMAN
ENSP00000344223,Q14703,MBTP1_HUMAN
ENSP00000344242,Q8N6Y2,LRC17_HUMAN
ENSP00000344635,P51959,CCNG1_HUMAN
ENSP00000344674,Q13268,DHRS2_HUMAN
ENSP00000345055,Q9NR82,KCNQ5_HUMAN
ENSP00000345083,P46734,MP2K3_HUMAN
ENSP00000345344,P07711,CATL1_HUMAN
ENSP00000345751,P51168,SCNNB_HUMAN
ENSP00000346175,Q96T68,SETB2_HUMAN
ENSP00000346206,Q03518,TAP1_HUMAN
ENSP00000346298,Q9NP91,S6A20_HUMAN
"ENSP00000346509,ENSP00000482564",P0C5Z0,H2AB2_HUMAN
ENSP00000346643,Q2TB90,HKDC1_HUMAN
ENSP00000346733,Q96P50,ACAP3_HUMAN
ENSP00000346827,P49189,AL9A1_HUMAN
ENSP00000347046,O76074,PDE5A_HUMAN
ENSP00000347409,P23276,KELL_HUMAN
ENSP00000347427,Q8N4C8,MINK1_HUMAN
ENSP00000347792,O15056,SYNJ2_HUMAN
ENSP00000348278,Q9UEW8,STK39_HUMAN
ENSP00000348308,O75900,MMP23_HUMAN
ENSP00000348565,Q9GZZ9,UBA5_HUMAN
ENSP00000348912,Q9BZ11,ADA33_HUMAN
ENSP00000348931,O15540,FABP7_HUMAN
ENSP00000349436,Q13444,ADA15_HUMAN
ENSP00000349616,Q86V24,PAQR2_HUMAN
ENSP00000349877,Q9HD20,AT131_HUMAN
ENSP00000349930,Q8NGC1,O11G2_HUMAN
ENSP00000350267,Q9ULD4,BRPF3_HUMAN
ENSP00000350541,Q6Q4G3,AMPQ_HUMAN
ENSP00000350676,Q9UPP1,PHF8_HUMAN
ENSP00000350681,P28324,ELK4_HUMAN
ENSP00000350786,Q96FT7,ASIC4_HUMAN
ENSP00000350896,P54760,EPHB4_HUMAN
ENSP00000351035,Q8NBQ5,DHB11_HUMAN
ENSP00000351209,P29317,EPHA2_HUMAN
"ENSP00000351589,ENSP00000352627,ENSP00000482431,ENSP00000352119,ENSP00000482538",P0C0S8,H2A1_HUMAN
ENSP00000351905,P37173,TGFR2_HUMAN
ENSP00000351947,Q9H4L7,SMRCD_HUMAN
ENSP00000351990,Q13564,ULA1_HUMAN
ENSP00000352035,O43526,KCNQ2_HUMAN
ENSP00000352069,O00308,WWP2_HUMAN
ENSP00000352185,O75151,PHF2_HUMAN
ENSP00000352673,P78545,ELF3_HUMAN
ENSP00000352900,P48443,RXRG_HUMAN
ENSP00000353292,P37088,SCNNA_HUMAN
ENSP00000353344,P15036,ETS2_HUMAN
ENSP00000353650,A6NFH5,FBP12_HUMAN
ENSP00000353679,P08473,NEP_HUMAN
ENSP00000353767,Q9ULZ9,MMP17_HUMAN
ENSP00000353824,Q86V86,PIM3_HUMAN
ENSP00000354207,Q16288,NTRK3_HUMAN
ENSP00000354607,Q13467,FZD5_HUMAN
ENSP00000354621,Q9HCE7,SMUF1_HUMAN
ENSP00000354652,P25929,NPY1R_HUMAN
ENSP00000354927,Q99759,M3K3_HUMAN
ENSP00000354932,Q15399,TLR1_HUMAN
ENSP00000355155,Q8TCU5,NMD3A_HUMAN
ENSP00000355480,Q5VUJ9,DRC8_HUMAN
ENSP00000355583,Q5TCX8,M3K21_HUMAN
ENSP00000355627,P01019,ANGT_HUMAN
ENSP00000355637,Q9NRK6,ABCBA_HUMAN
ENSP00000355656,Q7L7L0,H2A3_HUMAN
ENSP00000355747,P49810,PSN2_HUMAN
ENSP00000355785,O00292,LFTY2_HUMAN
ENSP00000355896,P61812,TGFB2_HUMAN
ENSP00000355920,O15244,S22A2_HUMAN
ENSP00000355930,O15245,S22A1_HUMAN
ENSP00000356076,O43781,DYRK3_HUMAN
ENSP00000356125,Q9H093,NUAK2_HUMAN
ENSP00000356230,Q53G59,KLH12_HUMAN
ENSP00000356233,Q9UGL1,KDM5B_HUMAN
ENSP00000356480,Q99496,RING2_HUMAN
ENSP00000356671,P01008,ANT3_HUMAN
ENSP00000356708,Q7RTU3,OLIG3_HUMAN
ENSP00000356899,Q16832,DDR2_HUMAN
ENSP00000356908,Q9P1P5,TAAR2_HUMAN
ENSP00000356919,P18850,ATF6A_HUMAN
ENSP00000356981,Q9UK80,UBP21_HUMAN
ENSP00000357175,P41162,ETV3_HUMAN
ENSP00000357178,P14616,INSRR_HUMAN
ENSP00000357342,Q9P1Z3,HCN3_HUMAN
ENSP00000357494,P08922,ROS1_HUMAN
ENSP00000357668,O43184,ADA12_HUMAN
ENSP00000357844,Q8TF71,MOT10_HUMAN
ENSP00000357869,A0A0B4J1S8,A0A0B4J1S8_HUMAN
ENSP00000357883,Q99755,PI51A_HUMAN
ENSP00000357915,Q86VW1,S22AG_HUMAN
ENSP00000357979,Q9Y466,NR2E1_HUMAN
ENSP00000358042,Q9H0R6,GATA_HUMAN
ENSP00000358105,Q96BI3,APH1A_HUMAN
"ENSP00000358155,ENSP00000475814",Q6FI13,H2A2A_HUMAN
ENSP00000358262,Q86WJ1,CHD1L_HUMAN
ENSP00000358309,Q15375,EPHA7_HUMAN
ENSP00000358407,Q9UKF2,ADA30_HUMAN
ENSP00000358515,Q8IZD6,S22AF_HUMAN
ENSP00000358548,P01111,RASN_HUMAN
ENSP00000358770,Q9H2G2,SLK_HUMAN
ENSP00000358786,Q16322,KCA10_HUMAN
ENSP00000358794,O15374,MOT5_HUMAN
ENSP00000358802,Q03721,KCNC4_HUMAN
ENSP00000358862,Q9BYE7,PCGF6_HUMAN
ENSP00000358997,P51617,IRAK1_HUMAN
ENSP00000359000,A0A7P0RGV0,A0A7P0RGV0_HUMAN
ENSP00000359300,P41208,CETN2_HUMAN
ENSP00000359484,Q8IYB5,SMAP1_HUMAN
ENSP00000359621,Q8TDD5,MCLN3_HUMAN
ENSP00000359640,Q8IZK6,MCLN2_HUMAN
ENSP00000359866,P22003,BMP5_HUMAN
ENSP00000360129,A8K855,EFCB7_HUMAN
ENSP00000360154,Q01968,OCRL_HUMAN
ENSP00000360165,Q8TDG2,ACTT1_HUMAN
ENSP00000360181,O60880,SH21A_HUMAN
ENSP00000360247,P51589,CP2J2_HUMAN
ENSP00000360372,P33261,CP2CJ_HUMAN
ENSP00000360493,Q13950,RUNX2_HUMAN
ENSP00000360502,P51160,PDE6C_HUMAN
ENSP00000360576,Q9UHB4,NDOR1_HUMAN
ENSP00000360609,P08238,HS90B_HUMAN
ENSP00000360626,Q9UIX4,KCNG1_HUMAN
ENSP00000360806,Q14721,KCNB1_HUMAN
ENSP00000360855,Q6ZSM3,MOT12_HUMAN
ENSP00000361120,Q12967,GNDS_HUMAN
ENSP00000361158,Q96S53,TESK2_HUMAN
ENSP00000361405,P14780,MMP9_HUMAN
ENSP00000361554,P35590,TIE1_HUMAN
ENSP00000361666,Q9Y694,S22A7_HUMAN
ENSP00000361915,P34820,BMP8B_HUMAN
ENSP00000362057,Q9Y5S8,NOX1_HUMAN
ENSP00000362082,P30281,CCND3_HUMAN
ENSP00000362139,Q5JZY3,EPHAA_HUMAN
ENSP00000362183,Q13003,GRIK3_HUMAN
ENSP00000362330,Q8TD26,CHD6_HUMAN
ENSP00000362339,Q9NR31,SAR1A_HUMAN
ENSP00000362352,Q9P0M6,H2AW_HUMAN
ENSP00000362361,P50750,CDK9_HUMAN
ENSP00000362441,P46100,ATRX_HUMAN
ENSP00000362608,P11309,PIM1_HUMAN
ENSP00000362634,Q96PN8,TSSK3_HUMAN
ENSP00000362649,Q13547,HDAC1_HUMAN
ENSP00000362777,Q8N100,ATOH7_HUMAN
ENSP00000362946,P61106,RAB14_HUMAN
ENSP00000363089,O00206,TLR4_HUMAN
ENSP00000363207,A6NIR3,AGAP5_HUMAN
ENSP00000363229,Q16572,VACHT_HUMAN
ENSP00000363414,Q86WK9,PAQR7_HUMAN
ENSP00000363431,P50391,NPY4R_HUMAN
ENSP00000363492,P43026,GDF5_HUMAN
ENSP00000363524,O95239,KIF4A_HUMAN
ENSP00000363583,Q8N9B8,RGF1A_HUMAN
ENSP00000363708,Q13873,BMPR2_HUMAN
ENSP00000363787,Q06587,RING1_HUMAN
ENSP00000363799,Q9Y614,ACL7B_HUMAN
ENSP00000363817,P28702,RXRB_HUMAN
ENSP00000363826,Q9H461,FZD8_HUMAN
ENSP00000364028,P42892,ECE1_HUMAN
ENSP00000364032,Q03519,TAP2_HUMAN
ENSP00000364349,Q99941,ATF6B_HUMAN
ENSP00000364361,Q9NYL2,M3K20_HUMAN
ENSP00000364412,P37058,DHB3_HUMAN
ENSP00000364464,Q8N6M6,AMPO_HUMAN
ENSP00000364486,O00757,F16P2_HUMAN
ENSP00000364550,P41229,KDM5C_HUMAN
ENSP00000364886,P61587,RND3_HUMAN
ENSP00000365210,Q8WWL7,CCNB3_HUMAN
ENSP00000365692,Q9P1W9,PIM2_HUMAN
ENSP00000365757,P48426,PI42A_HUMAN
ENSP00000365891,P42768,WASP_HUMAN
ENSP00000366182,P19419,ELK1_HUMAN
ENSP00000366271,Q8NHM5,KDM2B_HUMAN
ENSP00000366314,Q9HCF6,TRPM3_HUMAN
ENSP00000366354,Q9GZK7,O11A1_HUMAN
ENSP00000366679,Q96KK5,H2A1H_HUMAN
ENSP00000366797,Q96S37,S22AC_HUMAN
ENSP00000367001,P42658,DPP6_HUMAN
ENSP00000367022,Q93077,H2A1C_HUMAN
ENSP00000367102,Q4U2R8,S22A6_HUMAN
ENSP00000367157,A6NJW4,LRR3C_HUMAN
ENSP00000367203,O15550,KDM6A_HUMAN
ENSP00000367220,P61160,ARP2_HUMAN
ENSP00000367658,Q8TDY3,ACTT2_HUMAN
ENSP00000367668,Q495T6,MMEL1_HUMAN
ENSP00000367797,P12755,SKI_HUMAN
ENSP00000367851,P04839,CY24B_HUMAN
ENSP00000367942,O60383,GDF9_HUMAN
ENSP00000368104,P12643,BMP2_HUMAN
ENSP00000368362,Q0Z7S8,FABP9_HUMAN
ENSP00000369081,Q8NBS9,TXND5_HUMAN
ENSP00000369154,O15198,SMAD9_HUMAN
ENSP00000369238,Q8TC27,ADA32_HUMAN
ENSP00000369268,Q8IV77,CNGA4_HUMAN
ENSP00000369318,O94955,RHBT3_HUMAN
ENSP00000369375,Q02763,TIE2_HUMAN
ENSP00000369390,O94921,CDK14_HUMAN
ENSP00000369681,Q9Y6I4,UBP3_HUMAN
ENSP00000369689,Q9NZT1,CALL5_HUMAN
ENSP00000370034,Q9NYK1,TLR7_HUMAN
ENSP00000370074,P50453,SPB9_HUMAN
ENSP00000370750,Q8TC12,RDH11_HUMAN
ENSP00000371219,Q15669,RHOH_HUMAN
ENSP00000371514,Q8TDN2,KCNV2_HUMAN
ENSP00000371614,Q8IWQ3,BRSK2_HUMAN
ENSP00000371785,Q8TAK6,OLIG1_HUMAN
ENSP00000371985,Q09470,KCNA1_HUMAN
ENSP00000372218,Q96P63,SPB12_HUMAN
ENSP00000372221,P36952,SPB5_HUMAN
ENSP00000373340,P55201,BRPF1_HUMAN
ENSP00000373574,P37023,ACVL1_HUMAN
ENSP00000373648,O43525,KCNQ3_HUMAN
ENSP00000373691,X6RAN8,X6RAN8_HUMAN
ENSP00000373700,Q9UM73,ALK_HUMAN
ENSP00000374323,A0A0B4J1T8,A0A0B4J1T8_HUMAN
ENSP00000375081,Q9BXA7,TSSK1_HUMAN
ENSP00000375986,Q9Y6R4,M3K4_HUMAN
ENSP00000376184,Q02338,BDH_HUMAN
ENSP00000376317,Q9H2K8,TAOK3_HUMAN
ENSP00000376349,O95848,NUD14_HUMAN
ENSP00000376352,Q15118,PDK1_HUMAN
ENSP00000376436,P14921,ETS1_HUMAN
ENSP00000376855,Q8N608,DPP10_HUMAN
ENSP00000377075,Q3MIN7,RGL3_HUMAN
ENSP00000377233,Q96P48,ARAP1_HUMAN
ENSP00000377262,P78362,SRPK2_HUMAN
ENSP00000377508,P14923,PLAK_HUMAN
ENSP00000377549,P51161,FABP6_HUMAN
ENSP00000377769,Q3SXY8,AR13B_HUMAN
ENSP00000377797,Q70CQ1,UBP49_HUMAN
ENSP00000377900,P07098,LIPG_HUMAN
ENSP00000377934,Q2M1P5,KIF7_HUMAN
ENSP00000378056,O60658,PDE8A_HUMAN
ENSP00000378195,O95800,GPR75_HUMAN
ENSP00000378306,P16298,PP2BB_HUMAN
ENSP00000378338,Q9Y2X7,GIT1_HUMAN
ENSP00000378356,O95235,KI20A_HUMAN
ENSP00000378476,Q5MAI5,CDKL4_HUMAN
ENSP00000378624,Q5GLZ8,HERC4_HUMAN
ENSP00000378690,Q9BXU9,CABP8_HUMAN
ENSP00000378699,P06493,CDK1_HUMAN
ENSP00000378757,Q7RTY1,MOT9_HUMAN
ENSP00000378769,P62140,PP1B_HUMAN
ENSP00000378803,Q9NXK6,PAQR5_HUMAN
ENSP00000379204,P18075,BMP7_HUMAN
ENSP00000379350,P05556,ITB1_HUMAN
ENSP00000379503,Q9P0J1,PDP1_HUMAN
ENSP00000379658,P41212,ETV6_HUMAN
ENSP00000379721,P40818,UBP8_HUMAN
ENSP00000379880,Q96PB8,LRC3B_HUMAN
ENSP00000379898,P40617,ARL4A_HUMAN
ENSP00000379975,Q13418,ILK_HUMAN
ENSP00000380027,Q96LJ7,DHRS1_HUMAN
ENSP00000380044,P49674,KC1E_HUMAN
ENSP00000380070,P04406,G3P_HUMAN
ENSP00000380271,Q8WZA2,RPGF4_HUMAN
ENSP00000380413,Q96P47,AGAP3_HUMAN
ENSP00000380437,Q8WUG5,S22AH_HUMAN
ENSP00000380635,Q0P5N6ARL16_HUMAN,
ENSP00000380692,Q6ZMT4,KDM7A_HUMAN
ENSP00000380878,P48454,PP2BC_HUMAN
ENSP00000380948,P05107,ITB2_HUMAN
ENSP00000381026,E9PGK7,E9PGK7_HUMAN
ENSP00000381097,P54762,EPHB1_HUMAN
ENSP00000381101,O75635,SPB7_HUMAN
ENSP00000381206,O75452,RDH16_HUMAN
ENSP00000381247,A8MZ26,EFCB9_HUMAN
ENSP00000381531,H7BYT1,H7BYT1_HUMAN
ENSP00000381577,Q70CQ2,UBP34_HUMAN
ENSP00000381785,Q6YN16,HSDL2_HUMAN
ENSP00000382544,Q96PF2,TSSK2_HUMAN
ENSP00000382770,A8MYU2,KCNU1_HUMAN
ENSP00000382800,Q13761,RUNX3_HUMAN
ENSP00000383042,O60341,KDM1A_HUMAN
ENSP00000383044,Q9UHP3,UBP25_HUMAN
ENSP00000383053,P29323,EPHB2_HUMAN
ENSP00000383234,P31152,MK04_HUMAN
ENSP00000383900,Q5VXJ0,LIPK_HUMAN
ENSP00000383901,Q5VYY2,LIPM_HUMAN
ENSP00000383923,Q5VXI9,LIPN_HUMAN
ENSP00000384126,Q14392,LRC32_HUMAN
ENSP00000384524,O00321,ETV2_HUMAN
ENSP00000384625,Q9UBE8,NLK_HUMAN
ENSP00000384675,Q07889,SOS1_HUMAN
ENSP00000384690,Q8IY49,PAQRA_HUMAN
ENSP00000385000,O00139,KIF2A_HUMAN
ENSP00000385028,A1A5C7,S22AN_HUMAN
ENSP00000385432,Q9Y6B6,SAR1B_HUMAN
ENSP00000385632,Q13946,PDE7A_HUMAN
ENSP00000385795,O94880,PHF14_HUMAN
ENSP00000385808,E9PES4,E9PES4_HUMAN
ENSP00000385886,Q8IV61,GRP3_HUMAN
ENSP00000385968,Q9BQ31,KCNS3_HUMAN
ENSP00000386207,A8MTL9,HMSD_HUMAN
ENSP00000387046,Q96MI6,PPM1M_HUMAN
ENSP00000387246,Q9Y2U5,M3K2_HUMAN
ENSP00000388744,P55042,RAD_HUMAN
ENSP00000389015,P0C263,SBK2_HUMAN
ENSP00000389095,Q15438,CYH1_HUMAN
ENSP00000389443,C9JPN9,UL17C_HUMAN
ENSP00000389600,Q9Y2C9,TLR6_HUMAN
ENSP00000390535,F8WBA3,F8WBA3_HUMAN
ENSP00000390564,O15375,MOT6_HUMAN
ENSP00000391806,E7ENX8,E7ENX8_HUMAN
ENSP00000392147,O00743,PPP6_HUMAN
ENSP00000392206,Q5VTM2,AGAP9_HUMAN
ENSP00000392513,Q96P64,AGAP4_HUMAN
ENSP00000393316,Q9H3N1,TMX1_HUMAN
ENSP00000393379,O60282,KIF5C_HUMAN
ENSP00000393541,Q9BW83,IFT27_HUMAN
ENSP00000393978,Q9BZL6,KPCD2_HUMAN
ENSP00000395708,O95398,RPGF3_HUMAN
ENSP00000395929,Q96L73,NSD1_HUMAN
ENSP00000396345,Q3L8U1,CHD9_HUMAN
ENSP00000396755,Q9H8S5,CCNP_HUMAN
ENSP00000397026,Q13002,GRIK2_HUMAN
ENSP00000397050,Q8N819,PPM1N_HUMAN
ENSP00000397087,Q00534,CDK6_HUMAN
ENSP00000397133,Q9UGI9,AAKG3_HUMAN
ENSP00000397239,B2RXH2,KDM4E_HUMAN
ENSP00000398637,Q5H913,AR13A_HUMAN
ENSP00000398837,Q9UMN6,KMT2B_HUMAN
ENSP00000398880,Q9NYV4,CDK12_HUMAN
ENSP00000399136,P48065,S6A12_HUMAN
ENSP00000399511,Q9UKE5,TNIK_HUMAN
ENSP00000400376,Q6P179,ERAP2_HUMAN
ENSP00000400385,Q9NYS0,KBRS1_HUMAN
ENSP00000400880,C9JVI0,U17LB_HUMAN
ENSP00000401645,P05120,PAI2_HUMAN
ENSP00000401888,P04049,RAF1_HUMAN
ENSP00000402154,Q02080,MEF2B_HUMAN
ENSP00000402510,Q9UBK8,MTRR_HUMAN
ENSP00000402760,O76082,S22A5_HUMAN
ENSP00000403760,C9JJH3,U17LA_HUMAN
ENSP00000403932,Q8N7B9,EFCB3_HUMAN
ENSP00000405004,Q04771,ACVR1_HUMAN
ENSP00000405841,B4DGP2,B4DGP2_HUMAN
ENSP00000405963,Q13972,RGRF1_HUMAN
ENSP00000406197,Q8TEZ7,PAQR8_HUMAN
ENSP00000406472,Q96Q40,CDK15_HUMAN
ENSP00000407586,P01112,RASH_HUMAN
ENSP00000408025,P09467,F16P1_HUMAN
ENSP00000408617,Q9UKV0,HDAC9_HUMAN
ENSP00000408695,P17252,KPCA_HUMAN
ENSP00000409667,J3KQV8,J3KQV8_HUMAN
ENSP00000410042,O95696,BRD1_HUMAN
ENSP00000410294,P21802,FGFR2_HUMAN
ENSP00000410402,P45985,MP2K4_HUMAN
ENSP00000410561,Q00526,CDK3_HUMAN
ENSP00000410621,C9J2P7,U17LF_HUMAN
ENSP00000410715,Q6FHJ7,SFRP4_HUMAN
ENSP00000411565,A0PJE2,DHR12_HUMAN
ENSP00000411565,A0A8C8L8Z5,A0A8C8L8Z5_HUMAN
ENSP00000411821,P30838,AL3A1_HUMAN
ENSP00000413937,Q9BT40,INP5K_HUMAN
ENSP00000414150,P11308,ERG_HUMAN
ENSP00000414392,C9JLJ4,U17LD_HUMAN
ENSP00000414922,Q3LFD5,UBP41_HUMAN
ENSP00000415243,P12757,SKIL_HUMAN
ENSP00000415434,Q9NVE5,UBP40_HUMAN
ENSP00000415786,P07093,GDN_HUMAN
ENSP00000416066,P01009,A1AT_HUMAN
ENSP00000416683,P35858,ALS_HUMAN
ENSP00000418447,P67775,PP2AA_HUMAN
ENSP00000419060,H7C560,H7C560_HUMAN
ENSP00000419081,A0A804DNR1,A0A804DNR1_HUMAN
ENSP00000419446,Q13443,ADAM9_HUMAN
ENSP00000419619,Q9H0F7,ARL6_HUMAN
ENSP00000419628,Q9UKK9,NUDT5_HUMAN
ENSP00000419692,P19793,RXRA_HUMAN
ENSP00000419782,Q00535,CDK5_HUMAN
ENSP00000420211,O15211,RGL2_HUMAN
ENSP00000420295,P35913,PDE6B_HUMAN
ENSP00000420854,Q6NXP0,EFC12_HUMAN
ENSP00000420927,Q15119,PDK2_HUMAN
ENSP00000422216,D6R901,U17LL_HUMAN
ENSP00000422449,H0Y8X5,H0Y8X5_HUMAN
ENSP00000422621,D6RBQ6,U17LH_HUMAN
ENSP00000423115,D6RA61,U17LM_HUMAN
ENSP00000423325,A0A0B4J203,A0A0B4J203_HUMAN
ENSP00000423333,Q70EK9,UBP51_HUMAN
ENSP00000423503,D6R9N7,U17LI_HUMAN
ENSP00000424077,D6RBM5,U17LN_HUMAN
ENSP00000424607,Q96RI9,TAAR9_HUMAN
ENSP00000424757,Q96PY6,NEK1_HUMAN
ENSP00000424827,P46934,NEDD4_HUMAN
"ENSP00000425375,ENSP00000427366,ENSP00000423777,ENSP00000422969,ENSP00000422097,ENSP00000422887,ENSP00000423211",Q0WX57,U17LO_HUMAN
ENSP00000425582,D6RCP7,U17LJ_HUMAN
ENSP00000425955,A8MUK1,U17L5_HUMAN
ENSP00000426862,P29973,CNGA1_HUMAN
ENSP00000426948,E9PCH4,E9PCH4_HUMAN
ENSP00000427264,D6RJB6,U17LK_HUMAN
ENSP00000427552,Q08345,DDR1_HUMAN
ENSP00000427882,Q7Z5J8,ANKAR_HUMAN
ENSP00000427926,Q9BYZ6,RHBT2_HUMAN
ENSP00000428259,E5RJF8,E5RJF8_HUMAN
ENSP00000428316,A8MV23,SERP3_HUMAN
ENSP00000428994,P42261,GRIA1_HUMAN
ENSP00000429089,O96020,CCNE2_HUMAN
ENSP00000429744,Q13188,STK3_HUMAN
ENSP00000429900,Q9ULH1,ASAP1_HUMAN
ENSP00000430846,Q92953,KCNB2_HUMAN
ENSP00000431418,P04629,NTRK1_HUMAN
ENSP00000431876,Q9P2H5,UBP35_HUMAN
ENSP00000432786,Q9Y2K7,KDM2A_HUMAN
ENSP00000434024,P16104,H2AX_HUMAN
ENSP00000434034,Q9ULV1,FZD4_HUMAN
ENSP00000434241,Q14003,KCNC3_HUMAN
ENSP00000434412,P50454,SERPH_HUMAN
ENSP00000434676,Q70EL3,UBP50_HUMAN
ENSP00000434830,Q7Z2Y5,NRK_HUMAN
ENSP00000434847,Q8WUA8,TSK_HUMAN
ENSP00000435189,Q15771,RAB30_HUMAN
ENSP00000435373,Q5T5M9,CCNJ_HUMAN
ENSP00000435412,Q15418,KS6A1_HUMAN
ENSP00000435648,Q16099,GRIK4_HUMAN
ENSP00000435835,Q9NZC4,EHF_HUMAN
ENSP00000435954,Q6PIU1,KCNV1_HUMAN
ENSP00000436786,Q03164,KMT2A_HUMAN
ENSP00000437554,Q9UPP2,IQEC3_HUMAN
ENSP00000437849,Q7Z4N2,TRPM1_HUMAN
ENSP00000438264,A6NDA9,LRIT2_HUMAN
ENSP00000440689,P05181,CP2E1_HUMAN
ENSP00000441065,P53985,MOT1_HUMAN
ENSP00000441214,Q9P275,UBP36_HUMAN
ENSP00000442047,F5H8B4,F5H8B4_HUMAN
ENSP00000442656,P36896,ACV1B_HUMAN
ENSP00000442973,O43293,DAPK3_HUMAN
ENSP00000444293,Q9BY66,KDM5D_HUMAN
ENSP00000444688,P13637,AT1A3_HUMAN
ENSP00000445595,Q96KK3,KCNS1_HUMAN
ENSP00000446917,Q8NEU8,DP13B_HUMAN
ENSP00000447297,P36897,TGFR1_HUMAN
ENSP00000448071,O60669,MOT2_HUMAN
ENSP00000448580,Q8N5J4,SPIC_HUMAN
ENSP00000449002,B2RN74,O11HC_HUMAN
ENSP00000449079,Q96NR8,RDH12_HUMAN
ENSP00000449253,Q96PR1,KCNC2_HUMAN
ENSP00000450540,P01011,AACT_HUMAN
ENSP00000450554,H0YIZ8,H0YIZ8_HUMAN
ENSP00000451172,P29622,KAIN_HUMAN
ENSP00000451263,P80192,M3K9_HUMAN
ENSP00000451406,O14756,H17B6_HUMAN
ENSP00000451560,A0A0B4J269,A0A0B4J269_HUMAN
ENSP00000453302,P78325,ADAM8_HUMAN
ENSP00000456242,Q6DHV7,ADAL_HUMAN
ENSP00000457411,Q14694,UBP10_HUMAN
ENSP00000458162,P63261,ACTG_HUMAN
ENSP00000458585,P39900,MMP12_HUMAN
ENSP00000463051,Q9UK05,GDF2_HUMAN
ENSP00000463978,O15427,MOT4_HUMAN
ENSP00000465734,P36021,MOT8_HUMAN
ENSP00000465992,Q86Y91,KI18B_HUMAN
ENSP00000466477,Q9BXA6,TSSK6_HUMAN
ENSP00000466680,P52198,RND2_HUMAN
ENSP00000468348,P52564,MP2K6_HUMAN
ENSP00000468389,K7ERS5,K7ERS5_HUMAN
ENSP00000468411,Q9NZ42,PEN2_HUMAN
ENSP00000470087,M0QYV0,M0QYV0_HUMAN
ENSP00000470152,Q9Y4J8,DTNA_HUMAN
ENSP00000471921,Q01892,SPIB_HUMAN
ENSP00000473233,M0R3H8,M0R3H8_HUMAN
ENSP00000473853,Q9H239,MMP28_HUMAN
ENSP00000473990,P43353,AL3B1_HUMAN
ENSP00000474230,Q96S79,RSLAB_HUMAN
ENSP00000474253,Q9UPS6,SET1B_HUMAN
ENSP00000474385,Q9UKJ8,ADA21_HUMAN
ENSP00000474621,A6NKX4,S22AV_HUMAN
ENSP00000476252,U3KQV3,U3KQV3_HUMAN
ENSP00000476312,Q7RTS1,BHA15_HUMAN
ENSP00000476630,V9GYD0,V9GYD0_HUMAN
ENSP00000477455,Q13224,NMDE2_HUMAN
ENSP00000478255,P08183,MDR1_HUMAN
ENSP00000478257,Q6ZMN8,CCNI2_HUMAN
ENSP00000479735,A0A087WVW6,A0A087WVW6_HUMAN
ENSP00000479844,Q8TDF6,GRP4_HUMAN
ENSP00000480301,Q6DN90,IQEC1_HUMAN
ENSP00000480439,O75911,DHRS3_HUMAN
ENSP00000480998,A0A087WXG3,A0A087WXG3_HUMAN
ENSP00000481554,P42263,GRIA3_HUMAN
ENSP00000481699,O75830,SPI2_HUMAN
ENSP00000481850,Q92613,JADE3_HUMAN
ENSP00000481956,Q96BA8,CR3L1_HUMAN
ENSP00000481994,F8WCM8,F8WCM8_HUMAN
ENSP00000482063,P35227,PCGF2_HUMAN
ENSP00000482287,Q99679,GPR21_HUMAN
ENSP00000482287,H9NIL4,H9NIL4_HUMAN
ENSP00000482657,Q99558,M3K14_HUMAN
ENSP00000482841,P29373,RABP2_HUMAN
ENSP00000483059,P49116,NR2C2_HUMAN
ENSP00000483243,A0A087X0B3,A0A087X0B3_HUMAN
ENSP00000484261,P0C5Y9,H2AB1_HUMAN
ENSP00000484343,A0A087X1N8,A0A087X1N8_HUMAN
ENSP00000484862,Q9UKF5,ADA29_HUMAN
ENSP00000485243,A6NCW7,U17L4_HUMAN
ENSP00000485306,P0C7I0,U17L8_HUMAN
ENSP00000485323,A6NCW0,U17L3_HUMAN
ENSP00000485337,P0C7H9,U17L7_HUMAN
ENSP00000485364,Q7RTZ2,U17L1_HUMAN
ENSP00000485532,A0A096LPD5,A0A096LPD5_HUMAN
ENSP00000485582,,
ENSP00000485609,Q8NGY0,O10X1_HUMAN
ENSP00000486888,A0A0U1RQB8,A0A0U1RQB8_HUMAN
ENSP00000487365,Q92598,HS105_HUMAN
ENSP00000487444,A0A0D9SGF6,A0A0D9SGF6_HUMAN
ENSP00000489311,A0A0U1RR32,A0A0U1RR32_HUMAN
ENSP00000490163,A0A1B0GUL7,A0A1B0GUL7_HUMAN
ENSP00000490174,P0DQD5,NPY42_HUMAN
ENSP00000491279,A0A1W2PPD8,A0A1W2PPD8_HUMAN
ENSP00000491574,A0A1W2PQ73,ERFL_HUMAN
ENSP00000492671,A0A1W2PS79,A0A1W2PS79_HUMAN
ENSP00000492923,Q8NH07,O11H2_HUMAN
ENSP00000493151,Q8NGU2,OR9A4_HUMAN
ENSP00000493255,Q8NH87,OR9G1_HUMAN
ENSP00000493691,A0A2R8Y471,A0A2R8Y471_HUMAN
ENSP00000493971,A0A2R8Y4E6,A0A2R8Y4E6_HUMAN
ENSP00000494136,P30531,SC6A1_HUMAN
ENSP00000494544,Q13627,DYR1A_HUMAN
ENSP00000494664,P19367,HXK1_HUMAN
ENSP00000494711,A0A2R8YEY8,A0A2R8YEY8_HUMAN
ENSP00000495360,P35222,CTNB1_HUMAN
ENSP00000495726,Q5JU85,IQEC2_HUMAN
ENSP00000495860,Q96QT4,TRPM7_HUMAN
ENSP00000496150,P10635,CP2D6_HUMAN
ENSP00000496355,A0A2R8Y7Z4,A0A2R8Y7Z4_HUMAN
ENSP00000497069,P08069,IGF1R_HUMAN
ENSP00000497083,A0A3B3IS24,A0A3B3IS24_HUMAN
ENSP00000497406,Q9Y6X0,SETBP_HUMAN
ENSP00000497527,Q9Y2H2,SAC2_HUMAN
ENSP00000497733,P60953,CDC42_HUMAN
ENSP00000497931,O95342,ABCBB_HUMAN
ENSP00000498087,A0A3B3IU63,H2AL3_HUMAN
ENSP00000498126,A0A3B3ITZ1,A0A3B3ITZ1_HUMAN
ENSP00000498864,Q15120,PDK3_HUMAN
ENSP00000500374,Q5VW22,AGAP6_HUMAN
ENSP00000501146,Q14541,HNF4G_HUMAN
ENSP00000502821,P60709,ACTB_HUMAN
,,
,,
,,
,,
,,
,,
,,
,,